# node	type	degree
B1	buyer	7
B100	buyer	7
B1004	buyer	6
B1006	buyer	1
B1007	buyer	2
B101	buyer	3
B1011	buyer	1
B1013	buyer	2
B1018	buyer	3
B1019	buyer	1
B1020	buyer	5
B1025	buyer	5
B1027	buyer	2
B1029	buyer	23
B103	buyer	15
B1032	buyer	4
B1038	buyer	1
B104	buyer	3
B1044	buyer	3
B1045	buyer	3
B105	buyer	1
B1050	buyer	3
B1051	buyer	4
B1056	buyer	1
B1060	buyer	3
B1061	buyer	3
B1062	buyer	2
B1064	buyer	6
B1066	buyer	1
B1070	buyer	10
B1071	buyer	5
B1077	buyer	6
B1084	buyer	25
B1086	buyer	3
B1089	buyer	3
B109	buyer	2
B1090	buyer	2
B1091	buyer	1
B1095	buyer	2
B1096	buyer	3
B1102	buyer	1
B1103	buyer	4
B1107	buyer	2
B1109	buyer	1
B1111	buyer	2
B1112	buyer	4
B1113	buyer	1
B1115	buyer	9
B1117	buyer	2
B1118	buyer	5
B1122	buyer	8
B1125	buyer	13
B1127	buyer	2
B113	buyer	3
B1130	buyer	2
B1131	buyer	1
B1132	buyer	3
B1136	buyer	4
B1137	buyer	8
B1140	buyer	5
B1145	buyer	2
B1148	buyer	10
B115	buyer	1
B1150	buyer	2
B1151	buyer	4
B1152	buyer	11
B1157	buyer	1
B1162	buyer	3
B1165	buyer	4
B1167	buyer	2
B1168	buyer	1
B1176	buyer	2
B1179	buyer	4
B1180	buyer	1
B1183	buyer	4
B1187	buyer	11
B1188	buyer	2
B1189	buyer	1
B1191	buyer	10
B1196	buyer	5
B1198	buyer	2
B1199	buyer	1
B1201	buyer	8
B1202	buyer	13
B1204	buyer	9
B1205	buyer	2
B1218	buyer	17
B1221	buyer	3
B1223	buyer	36
B1227	buyer	2
B1228	buyer	8
B123	buyer	6
B1231	buyer	10
B1233	buyer	4
B1240	buyer	3
B1242	buyer	1
B1244	buyer	1
B1246	buyer	4
B1247	buyer	7
B1249	buyer	1
B125	buyer	1
B1251	buyer	11
B1256	buyer	2
B1258	buyer	7
B1259	buyer	14
B1262	buyer	1
B1265	buyer	2
B1268	buyer	2
B1269	buyer	8
B1273	buyer	1
B128	buyer	2
B1294	buyer	2
B1300	buyer	2
B1301	buyer	16
B1306	buyer	1
B1307	buyer	12
B1309	buyer	3
B1310	buyer	2
B1312	buyer	6
B1314	buyer	14
B1315	buyer	1
B1316	buyer	26
B1317	buyer	6
B1319	buyer	6
B1320	buyer	3
B1322	buyer	1
B1323	buyer	8
B1326	buyer	7
B133	buyer	2
B1334	buyer	6
B1335	buyer	2
B134	buyer	11
B1343	buyer	3
B1346	buyer	10
B135	buyer	7
B1351	buyer	2
B1353	buyer	2
B1354	buyer	1
B1357	buyer	1
B136	buyer	10
B1364	buyer	3
B1371	buyer	5
B1372	buyer	5
B1375	buyer	3
B1376	buyer	6
B1377	buyer	3
B1379	buyer	6
B1380	buyer	9
B1382	buyer	2
B1384	buyer	4
B1387	buyer	13
B1389	buyer	6
B1390	buyer	2
B1404	buyer	3
B1408	buyer	3
B1411	buyer	5
B1418	buyer	3
B1435	buyer	1
B1436	buyer	2
B1443	buyer	16
B1445	buyer	2
B1447	buyer	2
B1452	buyer	5
B1455	buyer	7
B1458	buyer	2
B1459	buyer	4
B1461	buyer	2
B1467	buyer	2
B1469	buyer	6
B1471	buyer	1
B1477	buyer	4
B1479	buyer	2
B1483	buyer	7
B1485	buyer	4
B1486	buyer	7
B1491	buyer	1
B1496	buyer	1
B1498	buyer	7
B1499	buyer	1
B1502	buyer	13
B1516	buyer	29
B1522	buyer	1
B1523	buyer	1
B1525	buyer	2
B1529	buyer	3
B153	buyer	2
B1531	buyer	9
B1532	buyer	5
B1552	buyer	2
B1554	buyer	10
B1556	buyer	2
B1557	buyer	4
B1558	buyer	1
B1562	buyer	3
B1566	buyer	4
B1572	buyer	5
B1574	buyer	1
B1575	buyer	6
B1581	buyer	5
B1586	buyer	8
B1589	buyer	1
B1593	buyer	3
B1596	buyer	2
B1597	buyer	2
B1598	buyer	4
B1599	buyer	2
B1602	buyer	1
B1604	buyer	17
B1608	buyer	2
B1611	buyer	3
B1617	buyer	22
B1618	buyer	1
B1623	buyer	1
B1627	buyer	5
B1628	buyer	1
B1629	buyer	8
B1630	buyer	10
B1635	buyer	1
B1638	buyer	4
B1639	buyer	7
B164	buyer	1
B1648	buyer	4
B1649	buyer	6
B1651	buyer	4
B1654	buyer	1
B1655	buyer	3
B1657	buyer	9
B1659	buyer	4
B1660	buyer	6
B1662	buyer	2
B1663	buyer	2
B1664	buyer	3
B1666	buyer	13
B1668	buyer	2
B1669	buyer	3
B167	buyer	14
B1674	buyer	1
B1677	buyer	1
B1681	buyer	1
B1682	buyer	7
B1684	buyer	10
B1685	buyer	1
B1688	buyer	1
B1689	buyer	5
B1690	buyer	4
B1699	buyer	3
B1701	buyer	3
B1703	buyer	3
B1706	buyer	3
B1713	buyer	3
B1716	buyer	2
B172	buyer	2
B1721	buyer	3
B1722	buyer	3
B1723	buyer	4
B1727	buyer	3
B1728	buyer	4
B1729	buyer	2
B1730	buyer	1
B1731	buyer	7
B1734	buyer	6
B1743	buyer	3
B1759	buyer	2
B1761	buyer	17
B1763	buyer	15
B1768	buyer	1
B177	buyer	7
B178	buyer	1
B1783	buyer	6
B1787	buyer	4
B1790	buyer	11
B1793	buyer	6
B1794	buyer	5
B180	buyer	2
B1800	buyer	1
B1801	buyer	4
B1804	buyer	3
B1806	buyer	1
B1809	buyer	10
B181	buyer	3
B1810	buyer	1
B1812	buyer	2
B1813	buyer	4
B1815	buyer	13
B1816	buyer	9
B182	buyer	1
B1824	buyer	1
B1825	buyer	7
B1827	buyer	3
B1828	buyer	6
B1829	buyer	5
B1830	buyer	4
B1832	buyer	2
B1833	buyer	1
B1834	buyer	7
B1835	buyer	7
B1838	buyer	1
B184	buyer	6
B1842	buyer	1
B1845	buyer	8
B1848	buyer	6
B1854	buyer	2
B1855	buyer	2
B1859	buyer	13
B187	buyer	4
B1871	buyer	17
B1872	buyer	2
B1874	buyer	2
B1876	buyer	1
B1877	buyer	1
B1880	buyer	3
B1886	buyer	5
B19	buyer	7
B1903	buyer	2
B1910	buyer	1
B1911	buyer	1
B1928	buyer	12
B193	buyer	3
B1931	buyer	2
B1934	buyer	4
B1937	buyer	3
B1944	buyer	15
B1946	buyer	5
B195	buyer	1
B1952	buyer	2
B1956	buyer	6
B1957	buyer	4
B1959	buyer	3
B1960	buyer	29
B1967	buyer	1
B197	buyer	1
B1970	buyer	2
B1972	buyer	11
B1973	buyer	2
B1982	buyer	5
B1990	buyer	2
B200	buyer	3
B2008	buyer	4
B2016	buyer	22
B2018	buyer	2
B2020	buyer	3
B2027	buyer	15
B2031	buyer	2
B2032	buyer	3
B2033	buyer	7
B2034	buyer	6
B2036	buyer	4
B2037	buyer	7
B2048	buyer	2
B2051	buyer	6
B2052	buyer	3
B2055	buyer	2
B2058	buyer	13
B2059	buyer	3
B2061	buyer	4
B2064	buyer	2
B2067	buyer	5
B2075	buyer	6
B2079	buyer	3
B208	buyer	2
B2081	buyer	26
B2083	buyer	4
B2086	buyer	4
B2089	buyer	7
B2090	buyer	3
B2094	buyer	2
B2097	buyer	3
B2099	buyer	2
B210	buyer	4
B2100	buyer	3
B2103	buyer	4
B2106	buyer	1
B2114	buyer	4
B2115	buyer	2
B2117	buyer	1
B2119	buyer	5
B2120	buyer	2
B2121	buyer	5
B2130	buyer	14
B2131	buyer	1
B2132	buyer	2
B2133	buyer	4
B2135	buyer	1
B2138	buyer	2
B2141	buyer	3
B2150	buyer	8
B2155	buyer	3
B2163	buyer	1
B2165	buyer	2
B2170	buyer	3
B2172	buyer	7
B2176	buyer	23
B2181	buyer	3
B2184	buyer	3
B2185	buyer	3
B2187	buyer	2
B2188	buyer	2
B2192	buyer	1
B2194	buyer	2
B2195	buyer	14
B22	buyer	4
B220	buyer	9
B2201	buyer	1
B2203	buyer	14
B2207	buyer	4
B2208	buyer	2
B2209	buyer	2
B2211	buyer	2
B2220	buyer	2
B2228	buyer	4
B223	buyer	4
B2237	buyer	3
B2242	buyer	1
B2245	buyer	4
B2248	buyer	2
B225	buyer	6
B2250	buyer	2
B2257	buyer	3
B226	buyer	8
B2260	buyer	1
B2261	buyer	5
B2262	buyer	5
B2263	buyer	5
B2264	buyer	1
B2268	buyer	2
B2270	buyer	1
B2271	buyer	1
B2279	buyer	7
B228	buyer	4
B2283	buyer	27
B2288	buyer	2
B2289	buyer	1
B229	buyer	7
B2291	buyer	3
B2294	buyer	2
B2297	buyer	1
B2299	buyer	2
B2302	buyer	3
B2307	buyer	14
B2308	buyer	4
B2309	buyer	4
B231	buyer	6
B2314	buyer	4
B2315	buyer	6
B2316	buyer	2
B2318	buyer	20
B2319	buyer	1
B2320	buyer	8
B2321	buyer	4
B2322	buyer	2
B2323	buyer	18
B2325	buyer	3
B233	buyer	7
B2332	buyer	8
B2335	buyer	3
B2336	buyer	1
B2338	buyer	4
B234	buyer	2
B2340	buyer	1
B2342	buyer	4
B2349	buyer	1
B235	buyer	9
B2352	buyer	20
B2356	buyer	4
B2360	buyer	3
B2363	buyer	2
B2367	buyer	1
B2371	buyer	3
B2373	buyer	2
B2374	buyer	3
B2377	buyer	1
B2380	buyer	2
B2381	buyer	8
B2384	buyer	2
B2385	buyer	2
B2388	buyer	5
B239	buyer	2
B2393	buyer	1
B2394	buyer	16
B2398	buyer	5
B2402	buyer	7
B2403	buyer	4
B2409	buyer	2
B2410	buyer	11
B2414	buyer	4
B2415	buyer	7
B2421	buyer	6
B2422	buyer	2
B2426	buyer	2
B2427	buyer	1
B2428	buyer	6
B2429	buyer	4
B2430	buyer	4
B2434	buyer	7
B244	buyer	41
B2441	buyer	4
B2445	buyer	1
B2447	buyer	3
B2450	buyer	13
B2457	buyer	3
B2458	buyer	1
B2463	buyer	2
B2466	buyer	2
B247	buyer	6
B2470	buyer	2
B2473	buyer	4
B2476	buyer	2
B2477	buyer	2
B2478	buyer	3
B2479	buyer	3
B2482	buyer	2
B2484	buyer	6
B2488	buyer	3
B2489	buyer	1
B249	buyer	3
B2496	buyer	1
B2497	buyer	7
B2498	buyer	3
B2500	buyer	5
B2502	buyer	1
B2508	buyer	1
B2516	buyer	6
B2517	buyer	2
B2518	buyer	2
B2520	buyer	1
B2521	buyer	6
B2522	buyer	3
B2527	buyer	1
B2535	buyer	2
B2540	buyer	2
B2544	buyer	3
B2545	buyer	2
B2547	buyer	1
B2550	buyer	1
B2555	buyer	2
B2560	buyer	4
B2561	buyer	9
B2565	buyer	9
B2566	buyer	4
B2567	buyer	1
B257	buyer	3
B2570	buyer	2
B2572	buyer	4
B2573	buyer	2
B2574	buyer	8
B2575	buyer	5
B2579	buyer	3
B2581	buyer	2
B2588	buyer	6
B2589	buyer	2
B259	buyer	3
B2592	buyer	9
B2593	buyer	2
B2597	buyer	21
B2600	buyer	2
B2601	buyer	1
B2607	buyer	11
B2610	buyer	3
B2612	buyer	2
B2614	buyer	7
B2616	buyer	2
B2625	buyer	1
B2632	buyer	1
B2642	buyer	5
B2649	buyer	2
B265	buyer	1
B2651	buyer	2
B2652	buyer	6
B2653	buyer	3
B2659	buyer	10
B2660	buyer	2
B2662	buyer	7
B2665	buyer	4
B2667	buyer	2
B2669	buyer	2
B2670	buyer	6
B2673	buyer	2
B2675	buyer	3
B268	buyer	4
B2682	buyer	5
B2684	buyer	2
B2688	buyer	1
B269	buyer	5
B2697	buyer	3
B2698	buyer	5
B2701	buyer	6
B2702	buyer	2
B2703	buyer	8
B2707	buyer	2
B2708	buyer	2
B2709	buyer	15
B2718	buyer	2
B2719	buyer	3
B2720	buyer	1
B2732	buyer	3
B2735	buyer	1
B2739	buyer	4
B2744	buyer	1
B2745	buyer	12
B2755	buyer	1
B2760	buyer	4
B2761	buyer	2
B2764	buyer	3
B2766	buyer	6
B2767	buyer	8
B2768	buyer	5
B2770	buyer	2
B2772	buyer	13
B2773	buyer	15
B2774	buyer	1
B278	buyer	2
B2784	buyer	2
B2786	buyer	3
B279	buyer	5
B2790	buyer	2
B2791	buyer	3
B2793	buyer	1
B28	buyer	2
B2800	buyer	2
B2801	buyer	2
B2806	buyer	1
B2807	buyer	11
B2809	buyer	4
B2813	buyer	6
B2814	buyer	20
B2816	buyer	8
B2817	buyer	1
B2819	buyer	7
B2820	buyer	2
B2821	buyer	18
B2822	buyer	12
B2824	buyer	20
B2831	buyer	3
B2832	buyer	2
B2836	buyer	3
B2838	buyer	2
B2840	buyer	1
B2843	buyer	1
B2847	buyer	2
B2848	buyer	1
B2849	buyer	1
B2850	buyer	1
B2857	buyer	6
B2858	buyer	5
B2861	buyer	1
B2862	buyer	2
B2864	buyer	12
B2866	buyer	3
B2867	buyer	3
B2870	buyer	8
B2873	buyer	62
B2880	buyer	4
B2884	buyer	2
B2885	buyer	32
B2887	buyer	3
B2888	buyer	1
B2889	buyer	2
B2893	buyer	4
B2895	buyer	3
B2897	buyer	1
B290	buyer	1
B2901	buyer	3
B2903	buyer	14
B291	buyer	3
B2910	buyer	5
B2912	buyer	7
B2916	buyer	3
B2920	buyer	5
B2922	buyer	7
B2923	buyer	4
B2932	buyer	1
B2934	buyer	10
B2939	buyer	2
B294	buyer	5
B2943	buyer	2
B2947	buyer	2
B2949	buyer	3
B2953	buyer	2
B2955	buyer	7
B2957	buyer	4
B2958	buyer	1
B2959	buyer	10
B2965	buyer	2
B2968	buyer	1
B2970	buyer	1
B2974	buyer	6
B2975	buyer	3
B2976	buyer	3
B2978	buyer	1
B2981	buyer	3
B2983	buyer	10
B2985	buyer	2
B2989	buyer	1
B2995	buyer	2
B3000	buyer	7
B3002	buyer	2
B3006	buyer	3
B3008	buyer	1
B3009	buyer	5
B3010	buyer	1
B3013	buyer	5
B3017	buyer	6
B3019	buyer	1
B3020	buyer	3
B3021	buyer	1
B3024	buyer	4
B3026	buyer	7
B3027	buyer	2
B3028	buyer	5
B3033	buyer	6
B3034	buyer	1
B3036	buyer	2
B3038	buyer	3
B3040	buyer	1
B3041	buyer	3
B3044	buyer	3
B3045	buyer	2
B3049	buyer	1
B305	buyer	6
B3050	buyer	4
B3051	buyer	3
B3056	buyer	19
B3057	buyer	2
B3058	buyer	1
B3059	buyer	3
B3063	buyer	6
B3065	buyer	1
B3067	buyer	3
B3070	buyer	1
B3084	buyer	1
B3085	buyer	2
B3086	buyer	8
B3087	buyer	4
B3096	buyer	6
B3097	buyer	5
B310	buyer	2
B3104	buyer	3
B3105	buyer	8
B3108	buyer	1
B3109	buyer	2
B311	buyer	14
B3110	buyer	13
B3113	buyer	1
B3116	buyer	1
B3120	buyer	8
B3125	buyer	6
B3126	buyer	1
B3134	buyer	1
B3135	buyer	4
B3136	buyer	3
B3137	buyer	1
B314	buyer	2
B3140	buyer	5
B3141	buyer	8
B3143	buyer	12
B3144	buyer	4
B315	buyer	13
B3153	buyer	2
B3154	buyer	3
B3156	buyer	9
B3159	buyer	2
B3160	buyer	2
B3163	buyer	1
B3164	buyer	2
B3173	buyer	3
B3174	buyer	1
B3175	buyer	2
B318	buyer	2
B3182	buyer	2
B3184	buyer	7
B3185	buyer	1
B3186	buyer	17
B3190	buyer	1
B3191	buyer	2
B3198	buyer	12
B3200	buyer	1
B3204	buyer	5
B3206	buyer	4
B3208	buyer	1
B3209	buyer	14
B3211	buyer	4
B3213	buyer	5
B3215	buyer	3
B3218	buyer	3
B322	buyer	9
B3221	buyer	4
B3222	buyer	5
B3228	buyer	1
B3232	buyer	5
B3234	buyer	2
B3239	buyer	2
B3240	buyer	2
B3241	buyer	1
B3244	buyer	5
B325	buyer	3
B3251	buyer	2
B3252	buyer	26
B3253	buyer	7
B3254	buyer	2
B3257	buyer	3
B3260	buyer	1
B3264	buyer	1
B3265	buyer	3
B3269	buyer	1
B327	buyer	1
B3270	buyer	6
B3271	buyer	3
B3274	buyer	5
B3280	buyer	5
B3281	buyer	2
B3282	buyer	2
B3284	buyer	1
B3285	buyer	7
B3286	buyer	3
B3288	buyer	3
B3294	buyer	3
B3295	buyer	1
B3296	buyer	3
B3297	buyer	2
B3298	buyer	2
B3303	buyer	16
B3304	buyer	1
B3306	buyer	3
B3307	buyer	5
B3308	buyer	1
B3311	buyer	7
B3313	buyer	4
B3314	buyer	2
B3315	buyer	2
B3316	buyer	3
B3318	buyer	2
B3319	buyer	2
B332	buyer	9
B3322	buyer	3
B3323	buyer	4
B3324	buyer	11
B3328	buyer	3
B3329	buyer	2
B3330	buyer	1
B3333	buyer	2
B3336	buyer	2
B3337	buyer	1
B3339	buyer	1
B3340	buyer	22
B3342	buyer	1
B3345	buyer	2
B3347	buyer	1
B3348	buyer	35
B3349	buyer	2
B3354	buyer	4
B3362	buyer	7
B3363	buyer	3
B3365	buyer	2
B3366	buyer	2
B3368	buyer	2
B3369	buyer	10
B3370	buyer	3
B3375	buyer	1
B3376	buyer	2
B3377	buyer	1
B3378	buyer	5
B3379	buyer	1
B3381	buyer	7
B3382	buyer	6
B3383	buyer	2
B3385	buyer	3
B3388	buyer	12
B3390	buyer	4
B3396	buyer	1
B34	buyer	2
B3400	buyer	9
B3402	buyer	7
B3403	buyer	3
B3404	buyer	1
B3406	buyer	1
B3407	buyer	5
B3409	buyer	1
B341	buyer	1
B3410	buyer	5
B3413	buyer	7
B3414	buyer	1
B3415	buyer	18
B3416	buyer	3
B3417	buyer	2
B3422	buyer	1
B3423	buyer	19
B3430	buyer	9
B3431	buyer	5
B3436	buyer	2
B3439	buyer	4
B344	buyer	2
B3441	buyer	3
B3443	buyer	11
B3445	buyer	3
B3453	buyer	7
B3454	buyer	6
B3455	buyer	2
B3456	buyer	3
B3457	buyer	2
B3458	buyer	3
B3460	buyer	3
B3462	buyer	2
B3466	buyer	6
B347	buyer	4
B3471	buyer	1
B3473	buyer	2
B3474	buyer	5
B3476	buyer	4
B3479	buyer	1
B3482	buyer	2
B3484	buyer	1
B3488	buyer	6
B3491	buyer	3
B3494	buyer	4
B3496	buyer	1
B3498	buyer	1
B3499	buyer	5
B3501	buyer	1
B3503	buyer	3
B3506	buyer	4
B3507	buyer	5
B3508	buyer	4
B3512	buyer	2
B3513	buyer	5
B3518	buyer	3
B3526	buyer	5
B3527	buyer	1
B3532	buyer	4
B3534	buyer	1
B3539	buyer	9
B3540	buyer	9
B3547	buyer	1
B3548	buyer	1
B3550	buyer	2
B3551	buyer	7
B3558	buyer	4
B3562	buyer	2
B3566	buyer	3
B3574	buyer	2
B3575	buyer	1
B3578	buyer	10
B358	buyer	2
B3580	buyer	1
B3588	buyer	4
B3589	buyer	2
B3590	buyer	4
B3593	buyer	9
B3595	buyer	3
B3599	buyer	1
B3600	buyer	3
B3603	buyer	6
B3607	buyer	3
B3609	buyer	2
B3610	buyer	15
B3616	buyer	1
B3618	buyer	1
B3621	buyer	3
B3630	buyer	3
B3633	buyer	11
B3638	buyer	7
B3640	buyer	2
B3641	buyer	7
B3643	buyer	3
B3646	buyer	2
B3653	buyer	2
B3654	buyer	6
B3656	buyer	4
B366	buyer	2
B3662	buyer	1
B3663	buyer	5
B3665	buyer	2
B3667	buyer	3
B3668	buyer	1
B3670	buyer	1
B3671	buyer	1
B3673	buyer	2
B3675	buyer	3
B3676	buyer	4
B3677	buyer	6
B368	buyer	4
B3681	buyer	5
B3682	buyer	20
B3686	buyer	14
B3689	buyer	5
B3690	buyer	12
B3693	buyer	17
B3694	buyer	3
B3698	buyer	1
B370	buyer	3
B3701	buyer	6
B3703	buyer	1
B3705	buyer	2
B3709	buyer	3
B3711	buyer	1
B3713	buyer	8
B3714	buyer	1
B3718	buyer	1
B3719	buyer	11
B3721	buyer	2
B3728	buyer	1
B3729	buyer	6
B3736	buyer	4
B3737	buyer	1
B3745	buyer	3
B3746	buyer	1
B3747	buyer	2
B3749	buyer	6
B375	buyer	19
B3750	buyer	3
B3753	buyer	2
B3755	buyer	5
B3758	buyer	2
B3759	buyer	5
B376	buyer	23
B3761	buyer	5
B3764	buyer	13
B3766	buyer	2
B3767	buyer	2
B3772	buyer	3
B3773	buyer	1
B3775	buyer	3
B3776	buyer	1
B3782	buyer	5
B3786	buyer	1
B3788	buyer	1
B3790	buyer	2
B3791	buyer	7
B3796	buyer	2
B3798	buyer	1
B3804	buyer	6
B3807	buyer	4
B3808	buyer	3
B3810	buyer	2
B3811	buyer	2
B3813	buyer	2
B3817	buyer	1
B3820	buyer	4
B3821	buyer	2
B3822	buyer	6
B3823	buyer	1
B3824	buyer	21
B3826	buyer	7
B3827	buyer	2
B3829	buyer	4
B3838	buyer	3
B3842	buyer	3
B3843	buyer	4
B3844	buyer	1
B3845	buyer	1
B3847	buyer	4
B3848	buyer	6
B385	buyer	1
B3851	buyer	1
B3853	buyer	1
B3854	buyer	8
B3855	buyer	5
B3856	buyer	3
B3857	buyer	3
B3858	buyer	2
B3859	buyer	2
B3860	buyer	5
B3861	buyer	3
B3862	buyer	6
B3863	buyer	2
B3864	buyer	3
B3865	buyer	17
B3866	buyer	2
B3870	buyer	3
B3872	buyer	14
B3873	buyer	2
B3874	buyer	4
B3875	buyer	2
B3876	buyer	3
B3877	buyer	3
B3878	buyer	2
B3879	buyer	4
B3880	buyer	1
B3881	buyer	2
B3882	buyer	3
B3883	buyer	1
B3884	buyer	4
B3885	buyer	1
B3886	buyer	2
B3887	buyer	5
B3888	buyer	1
B3889	buyer	2
B389	buyer	3
B3890	buyer	16
B3891	buyer	2
B3892	buyer	64
B3893	buyer	5
B3894	buyer	2
B3895	buyer	1
B3896	buyer	1
B3897	buyer	4
B3898	buyer	1
B3899	buyer	2
B3900	buyer	5
B3901	buyer	1
B3902	buyer	2
B3903	buyer	2
B3905	buyer	4
B3906	buyer	1
B3907	buyer	1
B3908	buyer	3
B3909	buyer	5
B391	buyer	1
B3910	buyer	2
B3911	buyer	6
B3913	buyer	4
B3914	buyer	1
B3915	buyer	2
B3916	buyer	2
B3917	buyer	3
B3918	buyer	4
B3919	buyer	1
B3920	buyer	1
B3921	buyer	1
B3922	buyer	1
B3923	buyer	2
B3924	buyer	2
B3925	buyer	3
B3926	buyer	4
B3927	buyer	1
B3928	buyer	8
B3929	buyer	1
B3930	buyer	2
B3931	buyer	19
B3932	buyer	8
B3933	buyer	5
B3934	buyer	13
B3935	buyer	7
B3936	buyer	18
B3937	buyer	2
B3938	buyer	1
B3939	buyer	6
B3940	buyer	2
B3941	buyer	1
B3942	buyer	1
B3943	buyer	2
B3944	buyer	8
B3945	buyer	1
B3946	buyer	1
B3947	buyer	6
B3948	buyer	4
B3949	buyer	2
B3950	buyer	1
B3951	buyer	2
B3952	buyer	1
B3953	buyer	1
B3954	buyer	1
B3955	buyer	5
B3956	buyer	2
B3957	buyer	1
B3958	buyer	1
B3959	buyer	4
B396	buyer	1
B3960	buyer	5
B3961	buyer	1
B3962	buyer	1
B3963	buyer	1
B3964	buyer	3
B3965	buyer	2
B3966	buyer	1
B3967	buyer	4
B3968	buyer	1
B3969	buyer	1
B3970	buyer	2
B3971	buyer	3
B3972	buyer	7
B3973	buyer	1
B3974	buyer	2
B3975	buyer	2
B3976	buyer	2
B3977	buyer	3
B3978	buyer	4
B3979	buyer	2
B398	buyer	1
B3980	buyer	2
B3981	buyer	1
B3982	buyer	1
B3983	buyer	2
B3984	buyer	1
B3985	buyer	1
B3986	buyer	3
B3987	buyer	1
B3988	buyer	6
B3989	buyer	11
B3990	buyer	2
B3991	buyer	2
B3992	buyer	4
B3993	buyer	1
B3994	buyer	5
B3995	buyer	2
B3996	buyer	1
B3997	buyer	10
B3998	buyer	2
B3999	buyer	1
B40	buyer	6
B400	buyer	12
B4000	buyer	5
B4001	buyer	1
B4002	buyer	5
B4003	buyer	1
B4004	buyer	1
B4005	buyer	3
B4006	buyer	1
B4007	buyer	2
B4008	buyer	1
B4009	buyer	2
B401	buyer	7
B4010	buyer	3
B4011	buyer	4
B4012	buyer	28
B4013	buyer	2
B4014	buyer	3
B4015	buyer	1
B4016	buyer	2
B4018	buyer	3
B4020	buyer	2
B4021	buyer	1
B4022	buyer	2
B4023	buyer	1
B4024	buyer	4
B4025	buyer	1
B4026	buyer	4
B4027	buyer	3
B4029	buyer	1
B403	buyer	5
B4030	buyer	2
B4032	buyer	3
B4033	buyer	2
B4035	buyer	6
B4036	buyer	1
B4037	buyer	2
B4038	buyer	2
B4039	buyer	4
B404	buyer	3
B4040	buyer	1
B4042	buyer	3
B4043	buyer	1
B4044	buyer	12
B4045	buyer	1
B4046	buyer	2
B4047	buyer	4
B4048	buyer	4
B4049	buyer	1
B4050	buyer	5
B4051	buyer	2
B4052	buyer	2
B4053	buyer	1
B4055	buyer	2
B4056	buyer	5
B4057	buyer	2
B4058	buyer	8
B4059	buyer	1
B4060	buyer	1
B4061	buyer	1
B4062	buyer	8
B4063	buyer	18
B4064	buyer	1
B4065	buyer	2
B4066	buyer	1
B4067	buyer	2
B4068	buyer	5
B4069	buyer	5
B4070	buyer	1
B4071	buyer	2
B4072	buyer	2
B4073	buyer	5
B4074	buyer	2
B4075	buyer	3
B4076	buyer	5
B4077	buyer	1
B4078	buyer	2
B4079	buyer	2
B4080	buyer	1
B4081	buyer	1
B4082	buyer	1
B4083	buyer	3
B4084	buyer	1
B4085	buyer	1
B4086	buyer	5
B4087	buyer	2
B4088	buyer	2
B4089	buyer	1
B4090	buyer	1
B4091	buyer	2
B4092	buyer	2
B4093	buyer	2
B4094	buyer	2
B4095	buyer	1
B4096	buyer	1
B4097	buyer	2
B4098	buyer	1
B4099	buyer	5
B4100	buyer	4
B4101	buyer	23
B4102	buyer	1
B4103	buyer	1
B4104	buyer	10
B4105	buyer	5
B4106	buyer	7
B4107	buyer	16
B4108	buyer	3
B4109	buyer	3
B4110	buyer	1
B4111	buyer	2
B4112	buyer	2
B4113	buyer	1
B4114	buyer	4
B4115	buyer	3
B4116	buyer	2
B4117	buyer	2
B4118	buyer	1
B4119	buyer	1
B4120	buyer	5
B4121	buyer	2
B4122	buyer	1
B4123	buyer	8
B4124	buyer	3
B4125	buyer	6
B4126	buyer	5
B4127	buyer	1
B4128	buyer	2
B4129	buyer	8
B413	buyer	1
B4130	buyer	2
B4132	buyer	6
B4133	buyer	6
B4134	buyer	1
B4135	buyer	2
B4136	buyer	1
B4137	buyer	6
B4138	buyer	3
B4139	buyer	2
B414	buyer	2
B4140	buyer	2
B4141	buyer	3
B4142	buyer	2
B4143	buyer	2
B4144	buyer	1
B4145	buyer	3
B4146	buyer	3
B4147	buyer	1
B4148	buyer	2
B4149	buyer	2
B4150	buyer	3
B4151	buyer	5
B4152	buyer	1
B4153	buyer	1
B4154	buyer	9
B4155	buyer	11
B4157	buyer	3
B4158	buyer	2
B4159	buyer	3
B4160	buyer	5
B4161	buyer	11
B4162	buyer	1
B4163	buyer	1
B4164	buyer	2
B4165	buyer	1
B4166	buyer	1
B4167	buyer	5
B4168	buyer	2
B4169	buyer	1
B4170	buyer	5
B4171	buyer	14
B4172	buyer	3
B4173	buyer	2
B4174	buyer	5
B4175	buyer	1
B4176	buyer	1
B4177	buyer	1
B4178	buyer	2
B4179	buyer	3
B4180	buyer	3
B4181	buyer	2
B4182	buyer	2
B4183	buyer	14
B4184	buyer	2
B4185	buyer	4
B4186	buyer	4
B4187	buyer	1
B4189	buyer	2
B419	buyer	3
B4191	buyer	10
B4192	buyer	3
B4193	buyer	1
B4194	buyer	1
B4195	buyer	6
B4196	buyer	1
B4197	buyer	2
B4198	buyer	2
B4199	buyer	1
B420	buyer	8
B4200	buyer	4
B4202	buyer	1
B4203	buyer	7
B4204	buyer	1
B4205	buyer	24
B4206	buyer	1
B4207	buyer	2
B4208	buyer	2
B4209	buyer	2
B4210	buyer	1
B4211	buyer	1
B4212	buyer	1
B4213	buyer	7
B4214	buyer	2
B4215	buyer	2
B4216	buyer	3
B4217	buyer	3
B4218	buyer	1
B4219	buyer	1
B4220	buyer	2
B4221	buyer	2
B4222	buyer	2
B4223	buyer	3
B4224	buyer	2
B4225	buyer	1
B4226	buyer	3
B4227	buyer	4
B4228	buyer	3
B4229	buyer	1
B4230	buyer	2
B4231	buyer	3
B4232	buyer	1
B4233	buyer	2
B4234	buyer	9
B4235	buyer	3
B4236	buyer	2
B4237	buyer	1
B4238	buyer	6
B4239	buyer	1
B4241	buyer	2
B4242	buyer	7
B4243	buyer	3
B4244	buyer	2
B4245	buyer	2
B4246	buyer	1
B4247	buyer	1
B4248	buyer	2
B4249	buyer	1
B4250	buyer	1
B4251	buyer	8
B4252	buyer	1
B4253	buyer	4
B4254	buyer	2
B4255	buyer	2
B4256	buyer	1
B4257	buyer	5
B4258	buyer	2
B4259	buyer	3
B426	buyer	3
B4260	buyer	1
B4261	buyer	7
B4262	buyer	4
B4263	buyer	4
B4264	buyer	2
B4265	buyer	2
B4267	buyer	4
B4268	buyer	3
B4269	buyer	4
B427	buyer	1
B4270	buyer	2
B4271	buyer	1
B4272	buyer	3
B4273	buyer	1
B4275	buyer	2
B4276	buyer	4
B4277	buyer	1
B4278	buyer	3
B4279	buyer	6
B428	buyer	6
B4280	buyer	3
B4281	buyer	3
B4282	buyer	2
B4283	buyer	1
B4284	buyer	1
B4285	buyer	2
B4286	buyer	1
B4287	buyer	1
B4288	buyer	3
B4289	buyer	12
B4290	buyer	1
B4291	buyer	8
B4292	buyer	3
B4293	buyer	1
B4294	buyer	1
B4295	buyer	2
B4296	buyer	2
B4297	buyer	1
B4298	buyer	1
B4299	buyer	1
B4300	buyer	1
B4301	buyer	2
B4302	buyer	4
B4303	buyer	1
B4304	buyer	3
B4305	buyer	1
B4306	buyer	3
B4307	buyer	2
B4308	buyer	5
B4309	buyer	1
B4310	buyer	2
B4311	buyer	6
B4312	buyer	5
B4314	buyer	3
B4315	buyer	1
B4316	buyer	1
B4317	buyer	2
B4318	buyer	7
B4319	buyer	2
B432	buyer	2
B4320	buyer	2
B4321	buyer	2
B4322	buyer	3
B4323	buyer	1
B4324	buyer	8
B4325	buyer	3
B4326	buyer	2
B4327	buyer	2
B4328	buyer	4
B4329	buyer	3
B4330	buyer	3
B4332	buyer	2
B4333	buyer	1
B4334	buyer	3
B4335	buyer	1
B4336	buyer	6
B4337	buyer	1
B4338	buyer	2
B4339	buyer	6
B434	buyer	11
B4340	buyer	1
B4341	buyer	4
B4343	buyer	1
B4344	buyer	2
B4345	buyer	2
B4346	buyer	2
B4347	buyer	1
B4348	buyer	3
B4349	buyer	1
B4350	buyer	2
B4351	buyer	5
B4352	buyer	22
B4353	buyer	1
B4354	buyer	3
B4355	buyer	1
B4356	buyer	1
B4357	buyer	2
B4358	buyer	4
B4359	buyer	9
B4360	buyer	4
B4361	buyer	6
B4362	buyer	1
B4363	buyer	3
B4364	buyer	3
B4365	buyer	3
B4366	buyer	2
B4367	buyer	1
B4368	buyer	3
B4369	buyer	5
B4370	buyer	2
B4372	buyer	13
B4373	buyer	2
B4374	buyer	14
B4376	buyer	1
B4377	buyer	1
B4378	buyer	2
B438	buyer	10
B4380	buyer	1
B4381	buyer	1
B4383	buyer	3
B4384	buyer	2
B4385	buyer	6
B4386	buyer	2
B4387	buyer	2
B4388	buyer	1
B4389	buyer	1
B4390	buyer	6
B4391	buyer	1
B4393	buyer	1
B4394	buyer	2
B4395	buyer	1
B4396	buyer	1
B440	buyer	3
B4400	buyer	1
B4401	buyer	4
B4402	buyer	2
B4403	buyer	1
B4404	buyer	2
B4405	buyer	1
B4406	buyer	2
B4407	buyer	1
B4408	buyer	2
B4409	buyer	2
B4410	buyer	6
B4411	buyer	2
B4413	buyer	2
B4414	buyer	3
B4415	buyer	3
B4416	buyer	4
B4418	buyer	13
B4419	buyer	3
B442	buyer	4
B4420	buyer	3
B4421	buyer	2
B4422	buyer	3
B4423	buyer	3
B4424	buyer	1
B4425	buyer	6
B4426	buyer	1
B4427	buyer	11
B4428	buyer	6
B4429	buyer	3
B4430	buyer	4
B4431	buyer	4
B4432	buyer	1
B4433	buyer	2
B4434	buyer	1
B4435	buyer	3
B4436	buyer	3
B4437	buyer	1
B4438	buyer	1
B4439	buyer	2
B4440	buyer	1
B4441	buyer	2
B4442	buyer	1
B4444	buyer	1
B4445	buyer	2
B4446	buyer	1
B4447	buyer	2
B4449	buyer	2
B4450	buyer	3
B4451	buyer	2
B4452	buyer	5
B4453	buyer	5
B4454	buyer	1
B4455	buyer	2
B4456	buyer	2
B4457	buyer	1
B4459	buyer	1
B446	buyer	5
B4460	buyer	4
B4461	buyer	2
B4462	buyer	8
B4463	buyer	4
B4464	buyer	2
B4465	buyer	2
B4466	buyer	1
B4467	buyer	5
B4468	buyer	2
B4470	buyer	4
B4471	buyer	1
B4472	buyer	5
B4473	buyer	1
B4475	buyer	1
B4476	buyer	6
B4477	buyer	3
B4478	buyer	1
B4479	buyer	3
B4480	buyer	2
B4481	buyer	2
B4482	buyer	24
B4483	buyer	1
B4484	buyer	4
B4485	buyer	7
B4487	buyer	1
B4488	buyer	2
B4489	buyer	4
B4490	buyer	2
B4491	buyer	1
B4492	buyer	2
B4493	buyer	2
B4494	buyer	3
B4495	buyer	5
B4496	buyer	2
B4497	buyer	1
B4498	buyer	9
B4499	buyer	1
B4500	buyer	6
B4501	buyer	2
B4502	buyer	9
B4503	buyer	1
B4504	buyer	4
B4505	buyer	1
B4506	buyer	3
B4507	buyer	3
B4508	buyer	1
B4509	buyer	2
B4510	buyer	1
B4511	buyer	1
B4512	buyer	1
B4513	buyer	2
B4514	buyer	2
B4515	buyer	3
B4516	buyer	1
B4517	buyer	1
B4518	buyer	2
B4519	buyer	1
B4520	buyer	4
B4521	buyer	3
B4522	buyer	2
B4523	buyer	1
B4524	buyer	1
B4525	buyer	1
B4526	buyer	2
B4528	buyer	4
B4529	buyer	4
B453	buyer	3
B4530	buyer	2
B4531	buyer	4
B4532	buyer	4
B4533	buyer	3
B4534	buyer	4
B4535	buyer	1
B4536	buyer	1
B4537	buyer	7
B4538	buyer	1
B4539	buyer	9
B4540	buyer	4
B4541	buyer	3
B4542	buyer	2
B4543	buyer	2
B4544	buyer	2
B4545	buyer	3
B4546	buyer	1
B4547	buyer	1
B4548	buyer	1
B4549	buyer	3
B4550	buyer	2
B4551	buyer	6
B4552	buyer	1
B4553	buyer	2
B4555	buyer	4
B4556	buyer	1
B4557	buyer	3
B4558	buyer	3
B4559	buyer	2
B4560	buyer	1
B4561	buyer	3
B4563	buyer	7
B4564	buyer	2
B4565	buyer	3
B4566	buyer	2
B4567	buyer	3
B4568	buyer	1
B4569	buyer	1
B457	buyer	3
B4571	buyer	3
B4572	buyer	2
B4573	buyer	2
B4574	buyer	2
B4575	buyer	4
B4577	buyer	2
B4578	buyer	26
B4579	buyer	14
B4580	buyer	2
B4581	buyer	4
B4582	buyer	3
B4583	buyer	2
B4584	buyer	1
B4585	buyer	3
B4586	buyer	11
B4587	buyer	2
B4588	buyer	1
B4589	buyer	3
B4590	buyer	4
B4591	buyer	2
B4592	buyer	1
B4593	buyer	2
B4594	buyer	7
B4595	buyer	2
B4596	buyer	8
B4597	buyer	1
B4598	buyer	1
B4599	buyer	1
B4600	buyer	3
B4601	buyer	1
B4602	buyer	2
B4603	buyer	2
B4604	buyer	1
B4605	buyer	1
B4606	buyer	2
B4607	buyer	1
B4608	buyer	5
B4609	buyer	1
B4610	buyer	10
B4611	buyer	2
B4612	buyer	2
B4613	buyer	2
B4614	buyer	3
B4615	buyer	2
B4616	buyer	5
B4617	buyer	2
B4618	buyer	2
B4619	buyer	3
B4620	buyer	1
B4621	buyer	2
B4622	buyer	1
B4623	buyer	3
B4624	buyer	3
B4625	buyer	2
B4626	buyer	2
B4627	buyer	3
B4628	buyer	8
B4629	buyer	1
B4630	buyer	4
B4631	buyer	1
B4632	buyer	2
B4633	buyer	1
B4634	buyer	2
B4635	buyer	35
B4636	buyer	2
B4637	buyer	11
B4638	buyer	7
B4639	buyer	2
B4640	buyer	1
B4642	buyer	31
B4643	buyer	11
B4644	buyer	4
B4645	buyer	5
B4646	buyer	1
B4647	buyer	1
B4648	buyer	1
B4649	buyer	5
B4650	buyer	3
B4651	buyer	4
B4652	buyer	2
B4653	buyer	3
B4654	buyer	1
B4655	buyer	3
B4656	buyer	13
B4657	buyer	1
B4658	buyer	4
B4659	buyer	1
B4660	buyer	1
B4661	buyer	1
B4662	buyer	1
B4663	buyer	2
B4664	buyer	8
B4665	buyer	1
B4666	buyer	2
B4667	buyer	2
B4668	buyer	6
B4669	buyer	1
B4670	buyer	2
B4671	buyer	1
B4672	buyer	1
B4673	buyer	6
B4674	buyer	5
B4675	buyer	1
B4676	buyer	8
B4677	buyer	4
B4678	buyer	2
B4679	buyer	5
B4680	buyer	1
B4681	buyer	6
B4682	buyer	1
B4684	buyer	2
B4685	buyer	1
B4687	buyer	1
B4688	buyer	5
B4689	buyer	1
B469	buyer	2
B4690	buyer	2
B4691	buyer	4
B4692	buyer	2
B4693	buyer	4
B4694	buyer	3
B4695	buyer	3
B4696	buyer	1
B4697	buyer	1
B4698	buyer	4
B470	buyer	2
B4700	buyer	1
B4701	buyer	4
B4702	buyer	3
B4703	buyer	1
B4704	buyer	2
B4705	buyer	4
B4706	buyer	5
B4707	buyer	2
B4708	buyer	2
B4709	buyer	1
B4710	buyer	2
B4711	buyer	1
B4712	buyer	1
B4713	buyer	5
B4714	buyer	1
B4715	buyer	2
B4716	buyer	1
B4717	buyer	1
B4718	buyer	2
B4719	buyer	1
B4720	buyer	9
B4721	buyer	1
B4722	buyer	2
B4723	buyer	3
B4724	buyer	1
B4725	buyer	2
B4726	buyer	1
B4727	buyer	2
B4729	buyer	10
B4730	buyer	1
B4731	buyer	3
B4732	buyer	5
B4733	buyer	3
B4734	buyer	2
B4735	buyer	1
B4736	buyer	3
B4737	buyer	1
B4738	buyer	2
B4739	buyer	3
B4740	buyer	13
B4741	buyer	3
B4742	buyer	2
B4743	buyer	22
B4747	buyer	2
B4748	buyer	1
B4749	buyer	5
B4750	buyer	1
B4751	buyer	3
B4752	buyer	2
B4753	buyer	1
B4754	buyer	1
B4755	buyer	1
B4756	buyer	10
B4757	buyer	1
B4758	buyer	8
B4759	buyer	3
B476	buyer	4
B4760	buyer	4
B4761	buyer	5
B4762	buyer	1
B4763	buyer	2
B4764	buyer	5
B4765	buyer	1
B4766	buyer	3
B4767	buyer	1
B4768	buyer	11
B4769	buyer	2
B4770	buyer	9
B4771	buyer	3
B4772	buyer	8
B4773	buyer	4
B4774	buyer	1
B4775	buyer	2
B4776	buyer	5
B4777	buyer	3
B4778	buyer	8
B4779	buyer	3
B4780	buyer	2
B4781	buyer	3
B4782	buyer	3
B4785	buyer	2
B4786	buyer	3
B4787	buyer	6
B4788	buyer	2
B4789	buyer	1
B479	buyer	12
B4790	buyer	2
B4791	buyer	2
B4792	buyer	2
B4793	buyer	10
B4794	buyer	2
B4795	buyer	1
B4796	buyer	1
B4797	buyer	3
B4798	buyer	35
B4799	buyer	2
B4800	buyer	4
B4801	buyer	3
B4802	buyer	3
B4803	buyer	2
B4804	buyer	3
B4805	buyer	1
B4806	buyer	3
B4807	buyer	5
B4808	buyer	3
B4809	buyer	1
B4810	buyer	2
B4811	buyer	2
B4812	buyer	2
B4813	buyer	3
B4814	buyer	4
B4815	buyer	2
B4816	buyer	5
B4817	buyer	4
B4818	buyer	3
B4819	buyer	2
B482	buyer	2
B4820	buyer	5
B4821	buyer	7
B4822	buyer	5
B4824	buyer	1
B4825	buyer	10
B4826	buyer	1
B4827	buyer	1
B4828	buyer	1
B4829	buyer	2
B4830	buyer	1
B4831	buyer	2
B4832	buyer	1
B4834	buyer	2
B4835	buyer	7
B4836	buyer	2
B4837	buyer	2
B4839	buyer	1
B4840	buyer	1
B4841	buyer	2
B4842	buyer	1
B4843	buyer	7
B4844	buyer	5
B4845	buyer	1
B4846	buyer	1
B4847	buyer	8
B4849	buyer	1
B485	buyer	13
B4850	buyer	3
B4851	buyer	1
B4852	buyer	1
B4853	buyer	3
B4854	buyer	2
B4855	buyer	1
B4856	buyer	2
B4857	buyer	6
B4858	buyer	4
B4859	buyer	9
B4860	buyer	2
B4861	buyer	2
B4862	buyer	1
B4863	buyer	2
B4864	buyer	2
B4866	buyer	11
B4867	buyer	2
B4868	buyer	5
B4869	buyer	3
B487	buyer	5
B4870	buyer	5
B4872	buyer	1
B4873	buyer	6
B4874	buyer	2
B4875	buyer	2
B4876	buyer	16
B4877	buyer	1
B4878	buyer	2
B4879	buyer	1
B4880	buyer	1
B4881	buyer	3
B4883	buyer	6
B4884	buyer	4
B4885	buyer	2
B4886	buyer	2
B4887	buyer	2
B4888	buyer	1
B4889	buyer	6
B4890	buyer	1
B4891	buyer	2
B4892	buyer	3
B4893	buyer	4
B4894	buyer	6
B4895	buyer	1
B4896	buyer	3
B4898	buyer	2
B4899	buyer	2
B49	buyer	3
B4900	buyer	2
B4901	buyer	2
B4902	buyer	6
B4903	buyer	2
B4904	buyer	4
B4905	buyer	2
B4906	buyer	1
B4907	buyer	2
B4908	buyer	3
B4909	buyer	1
B4910	buyer	2
B4911	buyer	2
B4912	buyer	2
B4913	buyer	3
B4914	buyer	2
B4915	buyer	1
B4916	buyer	4
B4917	buyer	4
B4918	buyer	1
B4919	buyer	7
B4920	buyer	1
B4921	buyer	2
B4922	buyer	2
B4923	buyer	1
B4924	buyer	2
B4925	buyer	4
B4926	buyer	7
B4927	buyer	1
B4928	buyer	2
B4929	buyer	1
B4930	buyer	5
B4931	buyer	3
B4932	buyer	2
B4933	buyer	1
B4934	buyer	2
B4935	buyer	1
B4936	buyer	2
B4937	buyer	2
B4938	buyer	2
B4939	buyer	3
B4941	buyer	5
B4942	buyer	2
B4943	buyer	1
B4944	buyer	1
B4945	buyer	1
B4947	buyer	7
B4948	buyer	1
B4949	buyer	2
B495	buyer	17
B4950	buyer	2
B4951	buyer	6
B4952	buyer	1
B4953	buyer	1
B4954	buyer	2
B4955	buyer	2
B4957	buyer	1
B4958	buyer	1
B4959	buyer	1
B496	buyer	4
B4960	buyer	2
B4961	buyer	7
B4962	buyer	1
B4963	buyer	6
B4964	buyer	2
B4965	buyer	3
B4966	buyer	2
B4967	buyer	4
B4968	buyer	1
B4969	buyer	4
B497	buyer	4
B4970	buyer	2
B4971	buyer	5
B4972	buyer	4
B4973	buyer	12
B4974	buyer	1
B4975	buyer	1
B4976	buyer	1
B4977	buyer	1
B4978	buyer	1
B4979	buyer	1
B4980	buyer	7
B4981	buyer	3
B4982	buyer	2
B4983	buyer	4
B4984	buyer	1
B4985	buyer	1
B4986	buyer	4
B4987	buyer	2
B4988	buyer	5
B4989	buyer	2
B4990	buyer	1
B4991	buyer	1
B4992	buyer	10
B4993	buyer	1
B4994	buyer	2
B4995	buyer	8
B4996	buyer	2
B4997	buyer	7
B4998	buyer	1
B4999	buyer	1
B5000	buyer	2
B5002	buyer	2
B5003	buyer	2
B5004	buyer	3
B5005	buyer	2
B5007	buyer	2
B5008	buyer	1
B5009	buyer	1
B501	buyer	3
B5010	buyer	3
B5011	buyer	1
B5012	buyer	1
B5013	buyer	1
B5014	buyer	2
B5015	buyer	1
B5016	buyer	1
B5017	buyer	3
B5018	buyer	2
B5019	buyer	1
B5020	buyer	1
B5021	buyer	1
B5022	buyer	1
B5023	buyer	2
B5024	buyer	1
B5025	buyer	1
B5026	buyer	5
B5027	buyer	2
B5028	buyer	2
B5029	buyer	2
B503	buyer	3
B5030	buyer	2
B5031	buyer	4
B5032	buyer	8
B5033	buyer	1
B5034	buyer	1
B5035	buyer	10
B5036	buyer	1
B5037	buyer	2
B5038	buyer	1
B5039	buyer	7
B5040	buyer	1
B5041	buyer	1
B5042	buyer	2
B5043	buyer	1
B5044	buyer	3
B5045	buyer	2
B5046	buyer	1
B5047	buyer	1
B5048	buyer	1
B5049	buyer	4
B5050	buyer	2
B5051	buyer	2
B5052	buyer	2
B5053	buyer	2
B5055	buyer	2
B5056	buyer	1
B5057	buyer	2
B5058	buyer	2
B5059	buyer	10
B506	buyer	2
B5060	buyer	1
B5061	buyer	1
B5062	buyer	2
B5063	buyer	3
B5064	buyer	6
B5065	buyer	2
B5066	buyer	1
B5067	buyer	4
B5068	buyer	3
B5069	buyer	14
B5070	buyer	1
B5071	buyer	3
B5072	buyer	1
B5073	buyer	4
B5074	buyer	3
B5075	buyer	1
B5076	buyer	3
B5077	buyer	1
B5078	buyer	5
B5079	buyer	1
B5080	buyer	3
B5081	buyer	4
B5082	buyer	2
B5083	buyer	2
B5084	buyer	3
B5085	buyer	2
B5086	buyer	5
B5087	buyer	3
B5088	buyer	2
B5089	buyer	2
B5092	buyer	3
B5093	buyer	1
B5094	buyer	2
B5095	buyer	1
B5096	buyer	3
B5097	buyer	1
B5098	buyer	9
B5099	buyer	1
B510	buyer	4
B5100	buyer	4
B5101	buyer	3
B5102	buyer	6
B5103	buyer	1
B5104	buyer	1
B5105	buyer	1
B5106	buyer	5
B5107	buyer	2
B5108	buyer	2
B5109	buyer	2
B5110	buyer	3
B5111	buyer	2
B5112	buyer	2
B5113	buyer	1
B5114	buyer	11
B5115	buyer	2
B5116	buyer	1
B5117	buyer	4
B5118	buyer	1
B5119	buyer	3
B5120	buyer	2
B5121	buyer	1
B5122	buyer	3
B5123	buyer	1
B5124	buyer	2
B5125	buyer	1
B5126	buyer	21
B5127	buyer	1
B5128	buyer	3
B5129	buyer	1
B5130	buyer	3
B5131	buyer	1
B5132	buyer	1
B5133	buyer	2
B5134	buyer	1
B5135	buyer	4
B5136	buyer	16
B5137	buyer	11
B5138	buyer	5
B5139	buyer	2
B5140	buyer	1
B5141	buyer	1
B5142	buyer	4
B5143	buyer	1
B5144	buyer	2
B5145	buyer	1
B5146	buyer	2
B5147	buyer	1
B5148	buyer	3
B5149	buyer	2
B5150	buyer	2
B5151	buyer	3
B5152	buyer	5
B5153	buyer	1
B5154	buyer	1
B5155	buyer	3
B5156	buyer	1
B5157	buyer	2
B5159	buyer	5
B5160	buyer	3
B5161	buyer	1
B5162	buyer	4
B5163	buyer	2
B5164	buyer	6
B5165	buyer	1
B5166	buyer	2
B5167	buyer	5
B5168	buyer	2
B5169	buyer	1
B5170	buyer	1
B5171	buyer	3
B5172	buyer	2
B5173	buyer	2
B5174	buyer	1
B5175	buyer	1
B5176	buyer	2
B5177	buyer	2
B5178	buyer	2
B5179	buyer	3
B518	buyer	17
B5180	buyer	2
B5181	buyer	3
B5182	buyer	1
B5183	buyer	2
B5184	buyer	3
B5185	buyer	4
B5186	buyer	1
B5187	buyer	6
B5188	buyer	2
B5189	buyer	1
B5190	buyer	3
B5191	buyer	3
B5192	buyer	5
B5193	buyer	1
B5194	buyer	10
B5195	buyer	1
B5196	buyer	2
B5197	buyer	1
B5198	buyer	2
B5199	buyer	2
B52	buyer	9
B520	buyer	1
B5200	buyer	3
B5201	buyer	3
B5202	buyer	4
B5203	buyer	5
B5204	buyer	2
B5205	buyer	4
B5206	buyer	2
B5207	buyer	2
B5208	buyer	2
B5209	buyer	2
B5210	buyer	8
B5212	buyer	1
B5213	buyer	1
B5214	buyer	7
B5215	buyer	2
B5216	buyer	3
B5217	buyer	4
B5218	buyer	2
B5219	buyer	2
B522	buyer	2
B5220	buyer	1
B5221	buyer	4
B5222	buyer	7
B5223	buyer	2
B5224	buyer	2
B5225	buyer	3
B5226	buyer	4
B5227	buyer	1
B5228	buyer	1
B5229	buyer	13
B5230	buyer	2
B5231	buyer	1
B5232	buyer	4
B5233	buyer	2
B5234	buyer	3
B5235	buyer	3
B5236	buyer	4
B5237	buyer	2
B5238	buyer	1
B5239	buyer	1
B5240	buyer	5
B5241	buyer	2
B5242	buyer	3
B5243	buyer	1
B5244	buyer	1
B5245	buyer	2
B5246	buyer	1
B5247	buyer	1
B5248	buyer	2
B5249	buyer	1
B5250	buyer	1
B5251	buyer	6
B5252	buyer	2
B5254	buyer	2
B5255	buyer	1
B5256	buyer	4
B5257	buyer	1
B5258	buyer	5
B5259	buyer	1
B5260	buyer	4
B5261	buyer	21
B5262	buyer	1
B5263	buyer	1
B5264	buyer	2
B5265	buyer	6
B5266	buyer	5
B5267	buyer	1
B5268	buyer	3
B527	buyer	2
B5270	buyer	2
B5271	buyer	2
B5272	buyer	2
B5273	buyer	1
B5274	buyer	2
B5275	buyer	1
B5276	buyer	4
B5277	buyer	2
B5278	buyer	2
B5279	buyer	1
B528	buyer	5
B5280	buyer	1
B5281	buyer	1
B5282	buyer	2
B5283	buyer	1
B5284	buyer	2
B5285	buyer	2
B5286	buyer	2
B5287	buyer	1
B5288	buyer	3
B5289	buyer	2
B5290	buyer	1
B5291	buyer	1
B5292	buyer	1
B5293	buyer	2
B5294	buyer	2
B5295	buyer	3
B5296	buyer	2
B5297	buyer	1
B5298	buyer	3
B5299	buyer	6
B53	buyer	3
B530	buyer	2
B5300	buyer	3
B5301	buyer	2
B5302	buyer	4
B5303	buyer	1
B5304	buyer	1
B5305	buyer	4
B5306	buyer	4
B5307	buyer	1
B5308	buyer	2
B5309	buyer	5
B531	buyer	4
B5310	buyer	1
B5311	buyer	1
B5312	buyer	1
B5313	buyer	3
B5315	buyer	6
B5316	buyer	7
B5317	buyer	2
B5318	buyer	2
B5319	buyer	2
B5320	buyer	3
B5321	buyer	2
B5322	buyer	2
B5323	buyer	6
B5324	buyer	2
B5325	buyer	3
B5326	buyer	1
B5327	buyer	6
B5329	buyer	2
B5330	buyer	1
B5331	buyer	2
B5332	buyer	1
B5333	buyer	3
B5334	buyer	2
B5335	buyer	3
B5336	buyer	5
B5337	buyer	4
B5338	buyer	3
B5339	buyer	2
B5340	buyer	1
B5341	buyer	2
B5342	buyer	9
B5343	buyer	3
B5344	buyer	2
B5345	buyer	1
B5346	buyer	3
B5347	buyer	3
B5348	buyer	3
B5349	buyer	1
B5350	buyer	1
B5351	buyer	3
B5352	buyer	2
B5353	buyer	8
B5354	buyer	2
B5355	buyer	3
B5356	buyer	1
B5358	buyer	2
B5359	buyer	1
B5360	buyer	13
B5361	buyer	2
B5362	buyer	1
B5363	buyer	1
B5364	buyer	4
B5365	buyer	2
B5366	buyer	2
B5367	buyer	4
B5368	buyer	1
B5369	buyer	1
B5370	buyer	2
B5371	buyer	5
B5372	buyer	5
B5373	buyer	2
B5374	buyer	1
B5375	buyer	1
B5376	buyer	4
B5377	buyer	4
B5378	buyer	5
B5379	buyer	1
B5380	buyer	2
B5381	buyer	2
B5382	buyer	1
B5383	buyer	2
B5384	buyer	8
B5385	buyer	3
B5386	buyer	3
B5387	buyer	4
B5388	buyer	3
B5389	buyer	1
B5390	buyer	2
B5391	buyer	1
B5392	buyer	3
B5393	buyer	6
B5394	buyer	1
B5395	buyer	2
B5396	buyer	4
B5398	buyer	8
B5399	buyer	2
B5400	buyer	5
B5401	buyer	1
B5402	buyer	2
B5403	buyer	1
B5404	buyer	1
B5405	buyer	2
B5406	buyer	1
B5407	buyer	1
B5408	buyer	4
B5409	buyer	2
B541	buyer	2
B5410	buyer	2
B5411	buyer	3
B5412	buyer	3
B5413	buyer	1
B5414	buyer	3
B5415	buyer	3
B5416	buyer	2
B5417	buyer	7
B5418	buyer	1
B542	buyer	2
B5420	buyer	4
B5421	buyer	1
B5422	buyer	2
B5423	buyer	2
B5424	buyer	4
B5426	buyer	4
B5429	buyer	1
B5430	buyer	1
B5431	buyer	4
B5432	buyer	1
B5433	buyer	1
B5434	buyer	2
B5435	buyer	2
B5436	buyer	2
B5437	buyer	2
B5438	buyer	2
B5439	buyer	4
B544	buyer	1
B5440	buyer	1
B5441	buyer	1
B5442	buyer	2
B5443	buyer	1
B5444	buyer	2
B5445	buyer	2
B5446	buyer	1
B5447	buyer	9
B5448	buyer	1
B5449	buyer	2
B5450	buyer	5
B5451	buyer	2
B5453	buyer	1
B5454	buyer	2
B5455	buyer	1
B5457	buyer	3
B5458	buyer	3
B5459	buyer	3
B546	buyer	2
B5460	buyer	14
B5461	buyer	2
B5462	buyer	6
B5463	buyer	2
B5464	buyer	9
B5465	buyer	2
B5467	buyer	2
B5468	buyer	4
B5469	buyer	3
B5470	buyer	2
B5471	buyer	3
B5472	buyer	11
B5473	buyer	5
B5475	buyer	2
B5476	buyer	2
B5477	buyer	1
B5478	buyer	1
B5479	buyer	1
B5480	buyer	6
B5481	buyer	2
B5482	buyer	1
B5483	buyer	2
B5484	buyer	1
B5485	buyer	1
B5486	buyer	3
B5487	buyer	2
B5488	buyer	5
B5489	buyer	4
B5491	buyer	3
B5492	buyer	3
B5493	buyer	2
B5494	buyer	1
B5495	buyer	1
B5496	buyer	2
B5497	buyer	2
B5498	buyer	3
B5499	buyer	2
B550	buyer	2
B5500	buyer	6
B5501	buyer	2
B5502	buyer	2
B5503	buyer	2
B5504	buyer	2
B5505	buyer	1
B5506	buyer	2
B5507	buyer	5
B5508	buyer	2
B5509	buyer	2
B5510	buyer	1
B5511	buyer	3
B5512	buyer	1
B5513	buyer	5
B5514	buyer	2
B5515	buyer	1
B5516	buyer	1
B5517	buyer	5
B5518	buyer	2
B5519	buyer	5
B552	buyer	17
B5520	buyer	2
B5521	buyer	3
B5522	buyer	2
B5523	buyer	3
B5524	buyer	1
B5525	buyer	1
B5526	buyer	2
B5528	buyer	1
B5529	buyer	1
B5530	buyer	2
B5531	buyer	2
B5532	buyer	1
B5533	buyer	4
B5534	buyer	1
B5535	buyer	3
B5536	buyer	2
B5537	buyer	16
B5538	buyer	1
B5539	buyer	1
B554	buyer	2
B5540	buyer	2
B5541	buyer	2
B5542	buyer	1
B5543	buyer	7
B5544	buyer	2
B5545	buyer	1
B5546	buyer	3
B5547	buyer	2
B5548	buyer	3
B5549	buyer	2
B555	buyer	16
B5550	buyer	3
B5552	buyer	4
B5553	buyer	2
B5554	buyer	4
B5555	buyer	1
B5556	buyer	2
B5557	buyer	2
B5558	buyer	2
B5559	buyer	3
B5560	buyer	2
B5561	buyer	1
B5562	buyer	4
B5563	buyer	1
B5564	buyer	2
B5565	buyer	2
B5566	buyer	2
B5567	buyer	2
B5568	buyer	6
B5569	buyer	1
B5570	buyer	1
B5571	buyer	4
B5572	buyer	1
B5573	buyer	1
B5574	buyer	2
B5575	buyer	1
B5576	buyer	3
B5577	buyer	1
B5578	buyer	2
B5579	buyer	3
B5580	buyer	5
B5581	buyer	1
B5582	buyer	3
B5583	buyer	5
B5584	buyer	1
B5585	buyer	2
B5586	buyer	1
B5587	buyer	3
B5589	buyer	3
B5590	buyer	9
B5591	buyer	3
B5592	buyer	2
B5593	buyer	3
B5594	buyer	1
B5595	buyer	1
B5596	buyer	2
B5597	buyer	2
B5598	buyer	2
B5599	buyer	3
B5600	buyer	1
B5601	buyer	1
B5602	buyer	2
B5603	buyer	2
B5604	buyer	3
B5605	buyer	4
B5606	buyer	4
B5607	buyer	3
B5608	buyer	1
B5609	buyer	2
B5610	buyer	2
B5611	buyer	3
B5612	buyer	3
B5613	buyer	1
B5614	buyer	2
B5615	buyer	4
B5616	buyer	3
B5617	buyer	11
B5618	buyer	6
B5619	buyer	2
B5621	buyer	1
B5622	buyer	1
B5623	buyer	2
B5624	buyer	1
B5625	buyer	1
B5626	buyer	3
B5627	buyer	2
B5628	buyer	4
B5629	buyer	3
B5630	buyer	3
B5631	buyer	2
B5632	buyer	2
B5633	buyer	2
B5634	buyer	1
B5635	buyer	2
B5636	buyer	1
B5637	buyer	1
B5638	buyer	3
B5639	buyer	2
B564	buyer	6
B5640	buyer	5
B5641	buyer	4
B5642	buyer	5
B5643	buyer	2
B5644	buyer	3
B5645	buyer	1
B5646	buyer	3
B5647	buyer	4
B5648	buyer	2
B5649	buyer	2
B5650	buyer	2
B5651	buyer	1
B5652	buyer	2
B5653	buyer	1
B5654	buyer	1
B5655	buyer	4
B5656	buyer	2
B5657	buyer	1
B5658	buyer	1
B5659	buyer	3
B5660	buyer	3
B5661	buyer	1
B5662	buyer	3
B5663	buyer	1
B5664	buyer	1
B5665	buyer	1
B5667	buyer	2
B5668	buyer	3
B5669	buyer	1
B5671	buyer	2
B5672	buyer	3
B5673	buyer	2
B5674	buyer	3
B5675	buyer	2
B5676	buyer	1
B5677	buyer	1
B5678	buyer	1
B5679	buyer	1
B5680	buyer	9
B5681	buyer	1
B5682	buyer	1
B5683	buyer	2
B5684	buyer	3
B5685	buyer	2
B5686	buyer	2
B5687	buyer	4
B5688	buyer	2
B5689	buyer	3
B5690	buyer	4
B5691	buyer	3
B5692	buyer	2
B5693	buyer	3
B5694	buyer	2
B5695	buyer	3
B5697	buyer	1
B5698	buyer	1
B5699	buyer	2
B57	buyer	3
B5700	buyer	5
B5701	buyer	1
B5702	buyer	3
B5703	buyer	2
B5704	buyer	1
B5705	buyer	2
B5706	buyer	1
B5708	buyer	1
B5709	buyer	4
B571	buyer	3
B5710	buyer	2
B5711	buyer	2
B5712	buyer	3
B5713	buyer	3
B5714	buyer	2
B5715	buyer	2
B5717	buyer	2
B5719	buyer	1
B5720	buyer	3
B5721	buyer	6
B5722	buyer	2
B5723	buyer	4
B5725	buyer	3
B5726	buyer	2
B5727	buyer	3
B5728	buyer	2
B5729	buyer	2
B573	buyer	3
B5730	buyer	2
B5731	buyer	1
B5732	buyer	1
B5733	buyer	1
B5734	buyer	1
B5735	buyer	3
B5736	buyer	3
B5737	buyer	4
B5738	buyer	2
B5739	buyer	1
B5740	buyer	2
B5741	buyer	12
B5742	buyer	3
B5744	buyer	1
B5745	buyer	1
B5746	buyer	1
B5747	buyer	1
B5748	buyer	2
B5749	buyer	1
B5750	buyer	2
B5751	buyer	2
B5752	buyer	2
B5753	buyer	1
B5754	buyer	3
B5755	buyer	2
B5756	buyer	2
B5757	buyer	2
B5758	buyer	2
B5759	buyer	1
B5761	buyer	1
B5762	buyer	2
B5763	buyer	1
B5764	buyer	3
B5765	buyer	2
B5767	buyer	2
B5768	buyer	2
B5769	buyer	2
B5770	buyer	2
B5771	buyer	1
B5772	buyer	2
B5773	buyer	2
B5774	buyer	4
B5776	buyer	1
B5777	buyer	1
B5778	buyer	2
B5779	buyer	2
B5780	buyer	1
B5781	buyer	1
B5782	buyer	5
B5783	buyer	12
B5784	buyer	4
B5785	buyer	1
B5786	buyer	2
B5787	buyer	5
B5788	buyer	3
B5789	buyer	4
B579	buyer	3
B5790	buyer	2
B5791	buyer	2
B5792	buyer	1
B5793	buyer	3
B5794	buyer	1
B5795	buyer	1
B5797	buyer	2
B5798	buyer	1
B5799	buyer	1
B58	buyer	1
B5800	buyer	1
B5801	buyer	1
B5802	buyer	3
B5803	buyer	2
B5804	buyer	1
B5805	buyer	3
B5806	buyer	1
B5807	buyer	1
B5808	buyer	10
B5809	buyer	5
B5810	buyer	1
B5811	buyer	2
B5812	buyer	2
B5813	buyer	1
B5814	buyer	2
B5815	buyer	1
B5816	buyer	1
B5817	buyer	10
B5818	buyer	1
B5819	buyer	2
B5820	buyer	3
B5821	buyer	2
B5822	buyer	6
B5823	buyer	2
B5824	buyer	2
B5825	buyer	1
B5826	buyer	2
B5827	buyer	1
B5828	buyer	1
B5829	buyer	3
B583	buyer	6
B5830	buyer	2
B5831	buyer	2
B5832	buyer	1
B5833	buyer	7
B5834	buyer	2
B5835	buyer	1
B5836	buyer	6
B5837	buyer	2
B5838	buyer	5
B5839	buyer	2
B5840	buyer	2
B5841	buyer	1
B5844	buyer	2
B5845	buyer	3
B5846	buyer	4
B5847	buyer	2
B5848	buyer	2
B5850	buyer	1
B5851	buyer	1
B5852	buyer	1
B5853	buyer	7
B5854	buyer	1
B5855	buyer	1
B5856	buyer	2
B5857	buyer	1
B5858	buyer	3
B5859	buyer	3
B5860	buyer	2
B5861	buyer	2
B5862	buyer	4
B5863	buyer	1
B5864	buyer	6
B5865	buyer	2
B5866	buyer	1
B5867	buyer	2
B5868	buyer	2
B5869	buyer	1
B587	buyer	9
B5870	buyer	2
B5872	buyer	3
B5873	buyer	2
B5874	buyer	2
B5875	buyer	5
B5876	buyer	2
B5877	buyer	2
B5878	buyer	1
B5879	buyer	1
B5880	buyer	1
B5881	buyer	3
B5883	buyer	1
B5884	buyer	1
B5885	buyer	1
B5886	buyer	5
B5887	buyer	1
B5888	buyer	1
B5889	buyer	2
B5890	buyer	2
B5891	buyer	1
B5892	buyer	1
B5893	buyer	2
B5894	buyer	1
B5895	buyer	2
B5896	buyer	3
B5897	buyer	2
B5898	buyer	1
B5899	buyer	2
B59	buyer	6
B5900	buyer	2
B5901	buyer	1
B5903	buyer	8
B5904	buyer	2
B5905	buyer	3
B5906	buyer	1
B5907	buyer	2
B5908	buyer	3
B5909	buyer	1
B5910	buyer	2
B5911	buyer	1
B5912	buyer	1
B5913	buyer	4
B5914	buyer	2
B5915	buyer	1
B5916	buyer	6
B5917	buyer	3
B5918	buyer	1
B5919	buyer	2
B592	buyer	1
B5920	buyer	2
B5921	buyer	2
B5922	buyer	1
B5923	buyer	2
B5924	buyer	2
B5925	buyer	3
B5926	buyer	1
B5927	buyer	1
B5928	buyer	1
B5929	buyer	3
B593	buyer	2
B5930	buyer	1
B5931	buyer	2
B5932	buyer	2
B5933	buyer	7
B5935	buyer	1
B5937	buyer	2
B5938	buyer	1
B5939	buyer	5
B594	buyer	5
B5940	buyer	1
B5941	buyer	1
B5942	buyer	3
B5943	buyer	1
B5944	buyer	1
B5945	buyer	1
B5946	buyer	1
B5947	buyer	1
B5948	buyer	1
B595	buyer	5
B5950	buyer	1
B5951	buyer	3
B5952	buyer	3
B5953	buyer	1
B5954	buyer	4
B5955	buyer	3
B5956	buyer	3
B5958	buyer	1
B5959	buyer	2
B5960	buyer	2
B5962	buyer	2
B5963	buyer	6
B5964	buyer	1
B5965	buyer	1
B5966	buyer	1
B5967	buyer	2
B5968	buyer	1
B5969	buyer	2
B597	buyer	1
B5970	buyer	2
B5971	buyer	2
B5972	buyer	2
B5973	buyer	3
B5974	buyer	1
B5975	buyer	2
B5976	buyer	1
B5977	buyer	1
B5978	buyer	1
B5979	buyer	4
B5980	buyer	4
B5981	buyer	1
B5982	buyer	5
B5983	buyer	3
B5984	buyer	4
B5985	buyer	2
B5986	buyer	1
B5987	buyer	1
B5988	buyer	1
B5989	buyer	3
B5990	buyer	2
B5991	buyer	1
B5992	buyer	4
B5993	buyer	2
B5994	buyer	2
B5995	buyer	2
B5996	buyer	7
B5997	buyer	2
B5998	buyer	1
B5999	buyer	2
B600	buyer	1
B6000	buyer	2
B6001	buyer	2
B6002	buyer	2
B6003	buyer	3
B6004	buyer	2
B6005	buyer	3
B6006	buyer	2
B6007	buyer	6
B6008	buyer	1
B6009	buyer	2
B6010	buyer	1
B6011	buyer	1
B6012	buyer	1
B6013	buyer	2
B6014	buyer	2
B6015	buyer	2
B6016	buyer	3
B6017	buyer	3
B6018	buyer	1
B6019	buyer	2
B6021	buyer	3
B6022	buyer	1
B6023	buyer	5
B6024	buyer	1
B6025	buyer	1
B6026	buyer	2
B6027	buyer	2
B6028	buyer	2
B6029	buyer	6
B6030	buyer	1
B6031	buyer	1
B6032	buyer	1
B6033	buyer	1
B6035	buyer	4
B6036	buyer	1
B6037	buyer	1
B6038	buyer	1
B604	buyer	5
B6040	buyer	3
B6041	buyer	1
B6042	buyer	1
B6043	buyer	1
B6045	buyer	1
B6046	buyer	1
B6047	buyer	1
B6048	buyer	3
B6049	buyer	2
B6050	buyer	2
B6052	buyer	2
B6053	buyer	1
B6054	buyer	1
B6055	buyer	3
B6056	buyer	2
B6057	buyer	1
B6058	buyer	2
B6059	buyer	5
B6060	buyer	1
B6061	buyer	2
B6062	buyer	1
B6063	buyer	4
B6064	buyer	1
B6065	buyer	1
B6066	buyer	1
B6067	buyer	2
B6068	buyer	3
B6069	buyer	1
B6070	buyer	8
B6071	buyer	12
B6072	buyer	2
B6073	buyer	1
B6074	buyer	5
B6075	buyer	4
B6076	buyer	3
B6077	buyer	2
B6078	buyer	1
B6079	buyer	2
B608	buyer	2
B6080	buyer	3
B6081	buyer	2
B6082	buyer	2
B6083	buyer	2
B6084	buyer	3
B6085	buyer	1
B6086	buyer	3
B6087	buyer	2
B6088	buyer	1
B6089	buyer	3
B6090	buyer	3
B6091	buyer	2
B6092	buyer	1
B6093	buyer	2
B6094	buyer	1
B6095	buyer	1
B6096	buyer	1
B6097	buyer	1
B6098	buyer	2
B6100	buyer	3
B6101	buyer	1
B6102	buyer	6
B6104	buyer	6
B6105	buyer	2
B6106	buyer	3
B6107	buyer	4
B6108	buyer	2
B6109	buyer	2
B6110	buyer	2
B6111	buyer	2
B6112	buyer	2
B6113	buyer	1
B6114	buyer	4
B6115	buyer	2
B6116	buyer	1
B6117	buyer	1
B6118	buyer	1
B6119	buyer	4
B612	buyer	3
B6121	buyer	1
B6122	buyer	3
B6123	buyer	2
B6124	buyer	2
B6125	buyer	3
B6126	buyer	2
B6127	buyer	5
B6128	buyer	2
B6129	buyer	1
B613	buyer	3
B6131	buyer	2
B6132	buyer	3
B6133	buyer	1
B6134	buyer	2
B6135	buyer	1
B6136	buyer	1
B6137	buyer	2
B6138	buyer	4
B6139	buyer	1
B6140	buyer	3
B6141	buyer	2
B6142	buyer	3
B6143	buyer	1
B6144	buyer	2
B6145	buyer	3
B6146	buyer	5
B6147	buyer	2
B6148	buyer	1
B6149	buyer	3
B6150	buyer	2
B6152	buyer	1
B6153	buyer	3
B6154	buyer	2
B6155	buyer	3
B6156	buyer	4
B6157	buyer	1
B6158	buyer	1
B6159	buyer	1
B6160	buyer	1
B6161	buyer	4
B6162	buyer	1
B6163	buyer	5
B6164	buyer	1
B6165	buyer	1
B6166	buyer	3
B6167	buyer	4
B6168	buyer	1
B6169	buyer	2
B617	buyer	27
B6170	buyer	1
B6172	buyer	2
B6173	buyer	1
B6175	buyer	2
B6176	buyer	1
B6177	buyer	1
B6178	buyer	1
B6179	buyer	2
B6180	buyer	4
B6181	buyer	3
B6182	buyer	1
B6183	buyer	1
B6184	buyer	1
B6185	buyer	1
B6186	buyer	1
B6187	buyer	1
B6188	buyer	1
B6189	buyer	1
B6190	buyer	3
B6191	buyer	8
B6192	buyer	11
B6193	buyer	1
B6194	buyer	1
B6195	buyer	1
B6196	buyer	1
B6197	buyer	1
B6198	buyer	1
B6199	buyer	11
B6200	buyer	2
B6201	buyer	2
B6202	buyer	2
B6203	buyer	2
B6204	buyer	1
B6205	buyer	1
B6206	buyer	1
B6207	buyer	2
B6208	buyer	4
B6209	buyer	1
B621	buyer	1
B6210	buyer	1
B6211	buyer	2
B6212	buyer	2
B6214	buyer	1
B6215	buyer	3
B6216	buyer	2
B6217	buyer	2
B6218	buyer	2
B6220	buyer	2
B6221	buyer	1
B6222	buyer	2
B6223	buyer	1
B6224	buyer	2
B6225	buyer	3
B6226	buyer	2
B6227	buyer	1
B6229	buyer	1
B6230	buyer	1
B6231	buyer	1
B6232	buyer	2
B6233	buyer	1
B6234	buyer	1
B6235	buyer	2
B6236	buyer	2
B6237	buyer	1
B6239	buyer	1
B624	buyer	10
B6240	buyer	2
B6242	buyer	2
B6243	buyer	1
B6244	buyer	1
B6245	buyer	1
B6246	buyer	3
B6247	buyer	1
B6248	buyer	1
B6249	buyer	2
B625	buyer	10
B6250	buyer	3
B6251	buyer	1
B6252	buyer	1
B6253	buyer	10
B6254	buyer	1
B6255	buyer	1
B6256	buyer	1
B6257	buyer	1
B6258	buyer	2
B6259	buyer	1
B6260	buyer	1
B6261	buyer	1
B6262	buyer	1
B6263	buyer	1
B6264	buyer	2
B6265	buyer	1
B6266	buyer	1
B6267	buyer	1
B6268	buyer	1
B6269	buyer	4
B627	buyer	2
B6270	buyer	5
B6271	buyer	2
B6272	buyer	1
B6273	buyer	2
B6274	buyer	2
B6275	buyer	1
B6276	buyer	1
B6277	buyer	1
B6278	buyer	1
B6279	buyer	1
B628	buyer	4
B6280	buyer	2
B6281	buyer	1
B6282	buyer	9
B6283	buyer	1
B6284	buyer	2
B6285	buyer	1
B6286	buyer	2
B6287	buyer	1
B6288	buyer	2
B6289	buyer	1
B6290	buyer	1
B6291	buyer	1
B6292	buyer	2
B6293	buyer	5
B6294	buyer	2
B6295	buyer	1
B6296	buyer	5
B6297	buyer	1
B6298	buyer	2
B6299	buyer	1
B6300	buyer	1
B6301	buyer	1
B6302	buyer	1
B6303	buyer	1
B6304	buyer	1
B6305	buyer	2
B6306	buyer	1
B6307	buyer	5
B6308	buyer	6
B6309	buyer	3
B6310	buyer	1
B6311	buyer	2
B6312	buyer	1
B6313	buyer	1
B6314	buyer	1
B6315	buyer	1
B6316	buyer	2
B6318	buyer	1
B6319	buyer	1
B6320	buyer	1
B6321	buyer	1
B6322	buyer	6
B6323	buyer	4
B6324	buyer	1
B6325	buyer	2
B6326	buyer	3
B6327	buyer	1
B6328	buyer	1
B6329	buyer	1
B633	buyer	7
B6330	buyer	2
B6331	buyer	2
B6332	buyer	3
B6333	buyer	1
B6334	buyer	12
B6335	buyer	2
B6336	buyer	6
B6338	buyer	2
B6339	buyer	4
B634	buyer	1
B6340	buyer	2
B6341	buyer	2
B6342	buyer	1
B6343	buyer	3
B6344	buyer	3
B6346	buyer	2
B6347	buyer	1
B6348	buyer	1
B6349	buyer	3
B6350	buyer	1
B6351	buyer	2
B6352	buyer	1
B6353	buyer	2
B6354	buyer	2
B6355	buyer	1
B6356	buyer	1
B6357	buyer	1
B6358	buyer	1
B6359	buyer	1
B6360	buyer	1
B6361	buyer	2
B6362	buyer	2
B6363	buyer	1
B6364	buyer	2
B6365	buyer	1
B6366	buyer	2
B6367	buyer	2
B6368	buyer	1
B6369	buyer	2
B637	buyer	3
B6370	buyer	2
B6371	buyer	1
B6372	buyer	2
B6373	buyer	3
B6374	buyer	1
B6375	buyer	2
B6377	buyer	2
B6378	buyer	1
B6379	buyer	2
B638	buyer	1
B6380	buyer	1
B6381	buyer	4
B6382	buyer	3
B6383	buyer	1
B6384	buyer	2
B6385	buyer	3
B6386	buyer	2
B6387	buyer	2
B6388	buyer	2
B6389	buyer	1
B6390	buyer	4
B6391	buyer	2
B6392	buyer	3
B6393	buyer	1
B6394	buyer	3
B6395	buyer	1
B6396	buyer	2
B6397	buyer	4
B6398	buyer	2
B6399	buyer	2
B64	buyer	7
B6401	buyer	2
B6402	buyer	1
B6403	buyer	1
B6404	buyer	1
B6405	buyer	1
B6406	buyer	2
B6407	buyer	3
B6408	buyer	1
B6409	buyer	1
B6412	buyer	2
B6413	buyer	1
B6414	buyer	3
B6415	buyer	3
B6416	buyer	4
B6417	buyer	2
B6418	buyer	3
B6419	buyer	7
B6420	buyer	1
B6421	buyer	1
B6422	buyer	2
B6423	buyer	1
B6424	buyer	2
B6425	buyer	1
B6426	buyer	2
B6427	buyer	1
B6428	buyer	2
B6429	buyer	1
B6430	buyer	1
B6431	buyer	1
B6432	buyer	1
B6433	buyer	1
B6434	buyer	4
B6435	buyer	1
B6436	buyer	1
B6437	buyer	1
B6439	buyer	4
B6440	buyer	2
B6441	buyer	3
B6442	buyer	1
B6443	buyer	1
B6444	buyer	1
B6445	buyer	1
B6446	buyer	4
B6447	buyer	1
B6448	buyer	2
B6449	buyer	1
B6450	buyer	2
B6451	buyer	4
B6452	buyer	1
B6453	buyer	1
B6454	buyer	2
B6455	buyer	3
B6456	buyer	2
B6457	buyer	1
B6458	buyer	5
B6459	buyer	2
B6460	buyer	3
B6461	buyer	2
B6463	buyer	1
B6464	buyer	1
B6466	buyer	2
B6467	buyer	1
B6468	buyer	1
B6469	buyer	1
B647	buyer	8
B6470	buyer	1
B6471	buyer	2
B6472	buyer	2
B6473	buyer	3
B6474	buyer	1
B6475	buyer	1
B6476	buyer	1
B6477	buyer	1
B6478	buyer	2
B6479	buyer	1
B6480	buyer	2
B6481	buyer	1
B65	buyer	5
B650	buyer	3
B664	buyer	2
B665	buyer	2
B667	buyer	9
B669	buyer	2
B672	buyer	2
B674	buyer	2
B680	buyer	2
B683	buyer	3
B689	buyer	8
B701	buyer	6
B705	buyer	1
B706	buyer	15
B708	buyer	2
B709	buyer	1
B711	buyer	7
B713	buyer	2
B714	buyer	2
B715	buyer	4
B72	buyer	3
B723	buyer	2
B724	buyer	4
B727	buyer	1
B737	buyer	1
B739	buyer	2
B741	buyer	2
B744	buyer	2
B745	buyer	1
B748	buyer	1
B75	buyer	2
B750	buyer	1
B751	buyer	10
B757	buyer	1
B76	buyer	1
B760	buyer	2
B762	buyer	5
B765	buyer	1
B770	buyer	2
B772	buyer	5
B774	buyer	7
B778	buyer	4
B783	buyer	5
B785	buyer	15
B787	buyer	2
B789	buyer	2
B790	buyer	6
B797	buyer	5
B801	buyer	4
B802	buyer	7
B805	buyer	2
B807	buyer	2
B813	buyer	15
B822	buyer	1
B829	buyer	1
B832	buyer	18
B833	buyer	3
B836	buyer	1
B844	buyer	1
B847	buyer	1
B849	buyer	1
B85	buyer	2
B851	buyer	14
B854	buyer	6
B856	buyer	5
B857	buyer	5
B859	buyer	2
B86	buyer	5
B870	buyer	15
B872	buyer	2
B874	buyer	2
B880	buyer	3
B881	buyer	6
B883	buyer	2
B884	buyer	6
B891	buyer	3
B892	buyer	1
B894	buyer	2
B895	buyer	4
B9	buyer	5
B90	buyer	4
B907	buyer	4
B908	buyer	4
B91	buyer	8
B910	buyer	10
B911	buyer	6
B915	buyer	1
B917	buyer	3
B92	buyer	3
B923	buyer	12
B924	buyer	11
B929	buyer	4
B930	buyer	1
B933	buyer	3
B934	buyer	1
B935	buyer	5
B947	buyer	1
B951	buyer	1
B957	buyer	4
B960	buyer	2
B962	buyer	1
B965	buyer	5
B966	buyer	3
B967	buyer	3
B97	buyer	6
B971	buyer	12
B977	buyer	1
B98	buyer	7
B980	buyer	1
B981	buyer	2
B982	buyer	2
B987	buyer	3
B989	buyer	18
B990	buyer	2
B998	buyer	2
E1	escort	3
E10	escort	1
E1002	escort	3
E1005	escort	5
E1011	escort	29
E1014	escort	9
E1015	escort	2
E1016	escort	4
E1018	escort	2
E1022	escort	21
E1030	escort	19
E1033	escort	1
E1034	escort	4
E1035	escort	10
E1038	escort	2
E1039	escort	5
E104	escort	1
E1040	escort	2
E1042	escort	1
E1047	escort	1
E105	escort	1
E1050	escort	4
E1052	escort	4
E1059	escort	6
E1060	escort	8
E1061	escort	37
E1063	escort	1
E1067	escort	3
E1071	escort	7
E1072	escort	17
E1076	escort	5
E1079	escort	6
E1080	escort	1
E1083	escort	33
E1084	escort	3
E1090	escort	3
E1091	escort	6
E1094	escort	8
E1095	escort	2
E1097	escort	1
E1098	escort	4
E11	escort	112
E110	escort	5
E111	escort	2
E1111	escort	4
E1112	escort	10
E1116	escort	2
E1119	escort	5
E1121	escort	2
E1124	escort	1
E1125	escort	7
E1131	escort	2
E1133	escort	1
E1137	escort	7
E1139	escort	1
E1142	escort	2
E1144	escort	1
E1147	escort	2
E115	escort	1
E1150	escort	1
E1152	escort	8
E1153	escort	2
E1156	escort	1
E1163	escort	4
E1164	escort	1
E1166	escort	1
E1167	escort	5
E117	escort	7
E1173	escort	8
E1181	escort	7
E119	escort	6
E1197	escort	46
E12	escort	21
E120	escort	8
E1204	escort	3
E1208	escort	2
E1213	escort	5
E1214	escort	1
E1217	escort	13
E1218	escort	2
E122	escort	3
E1225	escort	2
E123	escort	4
E1231	escort	1
E1234	escort	1
E1235	escort	1
E1239	escort	3
E124	escort	1
E1242	escort	9
E1248	escort	4
E125	escort	3
E1254	escort	25
E1255	escort	5
E126	escort	1
E1261	escort	1
E1262	escort	1
E1268	escort	5
E1269	escort	2
E127	escort	7
E1272	escort	1
E1273	escort	7
E1277	escort	5
E1281	escort	1
E1283	escort	4
E1285	escort	1
E1286	escort	5
E1292	escort	2
E1295	escort	1
E1299	escort	1
E13	escort	1
E130	escort	5
E1300	escort	2
E1305	escort	3
E1317	escort	2
E1318	escort	3
E1327	escort	7
E1328	escort	5
E133	escort	6
E1330	escort	15
E1332	escort	11
E1333	escort	1
E1334	escort	3
E1335	escort	3
E1339	escort	5
E1340	escort	32
E1342	escort	1
E1343	escort	1
E1344	escort	2
E1345	escort	53
E135	escort	2
E1350	escort	1
E1353	escort	16
E1357	escort	8
E1359	escort	1
E136	escort	4
E1362	escort	1
E1366	escort	19
E1368	escort	1
E137	escort	4
E1370	escort	1
E1371	escort	3
E1379	escort	1
E1386	escort	2
E139	escort	4
E1390	escort	15
E1391	escort	14
E1398	escort	2
E1399	escort	1
E14	escort	4
E1402	escort	5
E1405	escort	2
E1408	escort	8
E1414	escort	5
E1416	escort	1
E1421	escort	4
E1423	escort	1
E1425	escort	1
E1426	escort	42
E1429	escort	1
E143	escort	4
E1430	escort	2
E1434	escort	20
E1436	escort	2
E1438	escort	8
E144	escort	15
E1442	escort	1
E1443	escort	145
E1445	escort	13
E1448	escort	2
E145	escort	2
E1453	escort	2
E1459	escort	1
E146	escort	2
E1462	escort	44
E1467	escort	1
E1469	escort	13
E1475	escort	2
E1479	escort	16
E1483	escort	4
E1488	escort	1
E1492	escort	1
E1493	escort	1
E1495	escort	4
E1496	escort	6
E15	escort	1
E150	escort	6
E1500	escort	16
E1503	escort	19
E1504	escort	3
E1505	escort	5
E1509	escort	2
E1515	escort	2
E1516	escort	1
E1518	escort	18
E1520	escort	20
E1524	escort	2
E1528	escort	1
E1529	escort	2
E1530	escort	17
E1531	escort	3
E1540	escort	1
E1543	escort	4
E1546	escort	10
E1550	escort	2
E1555	escort	1
E156	escort	8
E1560	escort	3
E1565	escort	84
E157	escort	2
E1571	escort	1
E1575	escort	9
E1576	escort	18
E1577	escort	29
E158	escort	3
E1580	escort	1
E1582	escort	6
E1584	escort	4
E1585	escort	35
E1589	escort	2
E159	escort	3
E1594	escort	2
E1596	escort	11
E16	escort	1
E1601	escort	5
E1603	escort	2
E1612	escort	5
E1613	escort	9
E1618	escort	6
E1619	escort	32
E1623	escort	11
E1635	escort	13
E1639	escort	2
E164	escort	1
E1649	escort	1
E1659	escort	1
E1660	escort	2
E1661	escort	35
E1662	escort	2
E1663	escort	2
E1664	escort	1
E1666	escort	1
E1667	escort	1
E1668	escort	1
E167	escort	8
E1670	escort	5
E1671	escort	4
E1677	escort	2
E1688	escort	7
E1689	escort	7
E1690	escort	2
E1698	escort	23
E1703	escort	2
E1705	escort	3
E171	escort	4
E1713	escort	12
E1715	escort	2
E1718	escort	2
E1719	escort	5
E172	escort	2
E1720	escort	1
E1721	escort	9
E1723	escort	1
E1724	escort	3
E173	escort	1
E1731	escort	18
E1732	escort	4
E1745	escort	4
E1746	escort	2
E1748	escort	14
E1751	escort	4
E1752	escort	11
E1755	escort	3
E1757	escort	10
E1760	escort	4
E1764	escort	9
E1765	escort	1
E1769	escort	1
E1770	escort	5
E1771	escort	18
E1773	escort	3
E1776	escort	21
E1783	escort	9
E1786	escort	3
E1787	escort	2
E1795	escort	20
E1797	escort	5
E1798	escort	2
E1803	escort	2
E1804	escort	7
E1805	escort	9
E1806	escort	2
E181	escort	4
E1811	escort	18
E1815	escort	4
E1818	escort	1
E1820	escort	11
E1822	escort	11
E1824	escort	90
E1827	escort	5
E1833	escort	6
E1835	escort	9
E1836	escort	2
E1837	escort	2
E1838	escort	18
E1844	escort	2
E1846	escort	3
E185	escort	3
E1854	escort	3
E1855	escort	2
E1856	escort	2
E1857	escort	2
E1858	escort	18
E186	escort	2
E1870	escort	1
E1874	escort	20
E1876	escort	10
E1877	escort	8
E1881	escort	4
E1883	escort	11
E1884	escort	6
E1889	escort	6
E189	escort	1
E1897	escort	1
E1898	escort	4
E1902	escort	1
E1905	escort	3
E1906	escort	1
E1914	escort	1
E1916	escort	23
E1919	escort	1
E1921	escort	14
E1925	escort	1
E1929	escort	4
E193	escort	14
E1930	escort	3
E1931	escort	1
E1935	escort	1
E1939	escort	1
E194	escort	1
E1952	escort	8
E1956	escort	1
E1961	escort	5
E1962	escort	7
E1963	escort	5
E1965	escort	2
E1967	escort	9
E1968	escort	6
E1970	escort	11
E1977	escort	1
E1978	escort	5
E1979	escort	2
E1980	escort	6
E1981	escort	1
E1983	escort	8
E1985	escort	3
E1989	escort	9
E199	escort	3
E1990	escort	8
E1996	escort	2
E1997	escort	7
E2	escort	2
E2000	escort	1
E2001	escort	8
E2006	escort	4
E2009	escort	1
E2011	escort	1
E2013	escort	3
E2015	escort	2
E2016	escort	5
E2018	escort	2
E2023	escort	1
E2025	escort	11
E2026	escort	1
E2029	escort	2
E203	escort	1
E2031	escort	2
E2032	escort	1
E2035	escort	65
E2037	escort	3
E2041	escort	3
E2042	escort	3
E2045	escort	1
E2046	escort	5
E2052	escort	31
E2053	escort	2
E2055	escort	7
E2056	escort	1
E2060	escort	2
E2062	escort	8
E2063	escort	2
E2065	escort	1
E2068	escort	1
E2069	escort	4
E207	escort	9
E2070	escort	45
E2072	escort	16
E2073	escort	3
E2074	escort	9
E2078	escort	8
E2080	escort	2
E2086	escort	26
E2089	escort	3
E2090	escort	1
E2092	escort	1
E2097	escort	2
E2098	escort	5
E21	escort	3
E2101	escort	3
E2102	escort	1
E2104	escort	23
E2105	escort	17
E2106	escort	12
E2107	escort	2
E2108	escort	3
E2109	escort	3
E2112	escort	1
E2113	escort	2
E2114	escort	4
E2115	escort	9
E2116	escort	4
E2117	escort	1
E2118	escort	1
E212	escort	5
E2121	escort	2
E2122	escort	1
E2123	escort	6
E2125	escort	1
E2126	escort	3
E2127	escort	2
E2128	escort	33
E2129	escort	1
E2130	escort	1
E2131	escort	1
E2133	escort	2
E2134	escort	3
E2135	escort	83
E2136	escort	3
E2137	escort	2
E2138	escort	4
E2139	escort	1
E214	escort	5
E2140	escort	2
E2141	escort	3
E2142	escort	1
E2143	escort	2
E2144	escort	1
E2145	escort	2
E2146	escort	4
E2147	escort	2
E2148	escort	2
E2149	escort	5
E215	escort	2
E2150	escort	3
E2151	escort	1
E2152	escort	3
E2154	escort	1
E2155	escort	2
E2157	escort	2
E2159	escort	3
E216	escort	1
E2161	escort	1
E2163	escort	5
E2164	escort	21
E2165	escort	2
E2166	escort	4
E2167	escort	40
E2169	escort	2
E217	escort	6
E2170	escort	7
E2171	escort	18
E2172	escort	1
E2173	escort	10
E2175	escort	2
E2176	escort	1
E2177	escort	2
E2178	escort	1
E2179	escort	1
E2180	escort	2
E2181	escort	2
E2182	escort	5
E2183	escort	12
E2184	escort	2
E2185	escort	1
E2186	escort	1
E2187	escort	5
E2188	escort	3
E2190	escort	1
E2192	escort	6
E2193	escort	2
E2194	escort	3
E2195	escort	1
E2196	escort	1
E2197	escort	1
E2198	escort	5
E2199	escort	1
E22	escort	10
E220	escort	3
E2200	escort	1
E2201	escort	3
E2202	escort	3
E2203	escort	2
E2204	escort	29
E2205	escort	3
E2207	escort	4
E2208	escort	1
E2210	escort	3
E2211	escort	2
E2212	escort	5
E2213	escort	1
E2214	escort	4
E2215	escort	9
E2216	escort	1
E2220	escort	1
E2221	escort	1
E2222	escort	4
E2223	escort	9
E2224	escort	11
E2225	escort	1
E2226	escort	2
E2228	escort	9
E2229	escort	22
E2230	escort	1
E2231	escort	2
E2232	escort	1
E2233	escort	1
E2234	escort	4
E2235	escort	2
E2236	escort	2
E2237	escort	3
E2238	escort	2
E2239	escort	5
E2240	escort	1
E2241	escort	2
E2242	escort	4
E2243	escort	1
E2244	escort	1
E2245	escort	4
E2246	escort	1
E2247	escort	1
E2248	escort	1
E2249	escort	2
E2250	escort	1
E2251	escort	6
E2252	escort	6
E2253	escort	3
E2254	escort	1
E2255	escort	1
E2256	escort	1
E2257	escort	4
E2258	escort	4
E2259	escort	2
E2260	escort	1
E2261	escort	5
E2262	escort	2
E2263	escort	1
E2264	escort	4
E2265	escort	4
E2266	escort	1
E2267	escort	1
E2268	escort	2
E2269	escort	2
E227	escort	11
E2270	escort	6
E2271	escort	1
E2272	escort	2
E2274	escort	1
E2275	escort	1
E2276	escort	4
E2277	escort	2
E2278	escort	2
E2279	escort	11
E228	escort	1
E2280	escort	1
E2281	escort	3
E2282	escort	1
E2283	escort	1
E2284	escort	7
E2285	escort	1
E2286	escort	2
E2287	escort	1
E2288	escort	3
E2289	escort	1
E229	escort	1
E2290	escort	2
E2291	escort	2
E2292	escort	9
E2293	escort	1
E2294	escort	1
E2295	escort	1
E2296	escort	2
E2297	escort	1
E2298	escort	1
E2299	escort	2
E23	escort	10
E2300	escort	1
E2301	escort	9
E2302	escort	2
E2303	escort	2
E2304	escort	1
E2305	escort	1
E2307	escort	1
E2308	escort	2
E2311	escort	2
E2312	escort	1
E2313	escort	5
E2314	escort	1
E2315	escort	22
E2316	escort	1
E2318	escort	1
E2319	escort	1
E2320	escort	1
E2321	escort	2
E2322	escort	1
E2323	escort	1
E2324	escort	1
E2327	escort	1
E2328	escort	2
E2329	escort	2
E2330	escort	1
E2331	escort	2
E2332	escort	1
E2333	escort	1
E2334	escort	1
E2335	escort	1
E2336	escort	1
E2337	escort	4
E2338	escort	1
E2339	escort	1
E2341	escort	1
E2342	escort	2
E2343	escort	14
E2344	escort	1
E2345	escort	9
E2346	escort	10
E2347	escort	1
E2348	escort	1
E2349	escort	3
E2350	escort	2
E2352	escort	7
E2353	escort	4
E2355	escort	7
E2356	escort	1
E2357	escort	1
E2358	escort	2
E2359	escort	7
E2360	escort	27
E2361	escort	1
E2363	escort	4
E2364	escort	1
E2365	escort	1
E2366	escort	1
E2367	escort	1
E2368	escort	5
E2369	escort	1
E237	escort	1
E2370	escort	1
E2371	escort	10
E2372	escort	1
E2373	escort	1
E2374	escort	6
E2375	escort	1
E2376	escort	1
E2377	escort	1
E2378	escort	1
E2379	escort	4
E238	escort	8
E2380	escort	1
E2381	escort	14
E2382	escort	2
E2383	escort	1
E2384	escort	2
E2385	escort	4
E2386	escort	5
E2388	escort	1
E2389	escort	2
E239	escort	5
E2390	escort	3
E2391	escort	6
E2392	escort	1
E2393	escort	2
E2394	escort	2
E2395	escort	1
E2396	escort	1
E2397	escort	14
E2399	escort	3
E24	escort	3
E2401	escort	1
E2402	escort	1
E2403	escort	1
E2404	escort	7
E2405	escort	3
E2406	escort	2
E2407	escort	1
E2408	escort	1
E2409	escort	2
E241	escort	7
E2410	escort	1
E2411	escort	4
E2412	escort	1
E2413	escort	1
E2415	escort	1
E2417	escort	2
E2419	escort	3
E2420	escort	9
E2421	escort	8
E2422	escort	3
E2424	escort	2
E2425	escort	1
E2426	escort	2
E2427	escort	3
E2428	escort	6
E2429	escort	1
E2430	escort	3
E2432	escort	4
E2433	escort	3
E2434	escort	1
E2435	escort	2
E2436	escort	5
E2437	escort	3
E2439	escort	1
E2440	escort	1
E2441	escort	1
E2442	escort	3
E2444	escort	16
E2445	escort	13
E2446	escort	1
E2447	escort	1
E2448	escort	3
E2449	escort	9
E2450	escort	2
E2451	escort	1
E2452	escort	1
E2453	escort	6
E2454	escort	4
E2455	escort	4
E2456	escort	12
E2457	escort	2
E2458	escort	2
E2459	escort	1
E2460	escort	5
E2461	escort	2
E2462	escort	4
E2463	escort	2
E2464	escort	2
E2465	escort	2
E2466	escort	2
E2467	escort	5
E2469	escort	2
E2470	escort	159
E2471	escort	35
E2472	escort	1
E2473	escort	2
E2474	escort	1
E2475	escort	21
E2477	escort	2
E2478	escort	2
E2479	escort	1
E2480	escort	5
E2481	escort	2
E2482	escort	2
E2483	escort	1
E2485	escort	1
E2486	escort	1
E2487	escort	3
E2488	escort	4
E2489	escort	1
E2491	escort	2
E2492	escort	10
E2493	escort	2
E2494	escort	3
E2495	escort	2
E2496	escort	4
E2497	escort	4
E2498	escort	1
E25	escort	2
E2500	escort	4
E2501	escort	3
E2502	escort	1
E2503	escort	2
E2504	escort	1
E2505	escort	1
E2506	escort	1
E2507	escort	1
E2508	escort	1
E2509	escort	2
E2511	escort	1
E2512	escort	2
E2513	escort	1
E2514	escort	1
E2515	escort	1
E2516	escort	2
E2517	escort	2
E2518	escort	1
E2519	escort	3
E2520	escort	31
E2521	escort	1
E2522	escort	1
E2523	escort	1
E2524	escort	2
E2525	escort	11
E2526	escort	4
E2528	escort	4
E2529	escort	1
E2530	escort	1
E2531	escort	1
E2532	escort	1
E2533	escort	4
E2534	escort	13
E2535	escort	39
E2537	escort	1
E2538	escort	48
E2539	escort	1
E2540	escort	1
E2541	escort	6
E2542	escort	1
E2543	escort	5
E2544	escort	3
E2545	escort	18
E2546	escort	4
E2547	escort	10
E2548	escort	1
E2550	escort	1
E2552	escort	1
E2553	escort	1
E2554	escort	1
E2555	escort	2
E2556	escort	10
E2557	escort	5
E2558	escort	27
E2559	escort	3
E2560	escort	1
E2561	escort	2
E2562	escort	2
E2563	escort	20
E2564	escort	1
E2565	escort	2
E2566	escort	5
E2567	escort	2
E2568	escort	10
E2569	escort	3
E257	escort	13
E2570	escort	2
E2571	escort	1
E2572	escort	1
E2573	escort	2
E2574	escort	8
E2575	escort	2
E2576	escort	2
E2577	escort	4
E2578	escort	1
E2579	escort	2
E258	escort	4
E2580	escort	7
E2581	escort	22
E2582	escort	2
E2583	escort	1
E2584	escort	5
E2585	escort	1
E2587	escort	7
E2588	escort	1
E2590	escort	1
E2591	escort	3
E2592	escort	2
E2593	escort	2
E2594	escort	2
E2595	escort	2
E2596	escort	2
E2597	escort	2
E2598	escort	1
E2599	escort	2
E2600	escort	2
E2601	escort	1
E2602	escort	2
E2603	escort	2
E2604	escort	7
E2605	escort	21
E2606	escort	2
E2607	escort	1
E2608	escort	1
E2609	escort	1
E2611	escort	2
E2612	escort	1
E2613	escort	7
E2614	escort	7
E2615	escort	1
E2616	escort	1
E2617	escort	4
E2618	escort	1
E2619	escort	9
E2620	escort	1
E2621	escort	1
E2622	escort	1
E2623	escort	3
E2624	escort	4
E2626	escort	2
E2627	escort	1
E2628	escort	1
E2629	escort	1
E263	escort	1
E2630	escort	3
E2631	escort	19
E2632	escort	1
E2633	escort	2
E2634	escort	3
E2635	escort	9
E2636	escort	1
E2637	escort	1
E2639	escort	24
E2640	escort	2
E2641	escort	3
E2642	escort	1
E2643	escort	1
E2644	escort	13
E2645	escort	1
E2646	escort	17
E2647	escort	1
E2648	escort	1
E2649	escort	1
E2650	escort	1
E2651	escort	2
E2652	escort	1
E2653	escort	3
E2654	escort	1
E2655	escort	1
E2656	escort	6
E2657	escort	1
E2658	escort	1
E2659	escort	3
E266	escort	4
E2660	escort	1
E2661	escort	2
E2662	escort	3
E2663	escort	2
E2664	escort	1
E2665	escort	3
E2666	escort	3
E2667	escort	3
E2668	escort	1
E2669	escort	1
E2670	escort	2
E2671	escort	1
E2672	escort	24
E2673	escort	1
E2674	escort	8
E2675	escort	1
E2676	escort	10
E2677	escort	2
E2678	escort	1
E2679	escort	2
E268	escort	3
E2680	escort	14
E2681	escort	6
E2682	escort	1
E2683	escort	1
E2684	escort	3
E2685	escort	2
E2686	escort	7
E2687	escort	2
E2688	escort	2
E2689	escort	1
E2690	escort	1
E2691	escort	2
E2692	escort	1
E2693	escort	2
E2694	escort	1
E2695	escort	5
E2696	escort	1
E2697	escort	1
E2698	escort	1
E2699	escort	1
E2700	escort	2
E2701	escort	28
E2703	escort	3
E2704	escort	1
E2705	escort	4
E2706	escort	5
E2708	escort	2
E2709	escort	7
E2710	escort	1
E2711	escort	4
E2712	escort	1
E2713	escort	1
E2714	escort	6
E2715	escort	3
E2717	escort	4
E2718	escort	7
E272	escort	8
E2720	escort	1
E2721	escort	18
E2722	escort	6
E2723	escort	1
E2724	escort	1
E2725	escort	2
E2726	escort	11
E2727	escort	1
E2728	escort	15
E2729	escort	21
E2730	escort	1
E2731	escort	12
E2732	escort	1
E2733	escort	1
E2734	escort	2
E2735	escort	1
E2736	escort	1
E2737	escort	1
E2738	escort	2
E2739	escort	6
E274	escort	5
E2740	escort	1
E2742	escort	3
E2743	escort	1
E2744	escort	1
E2745	escort	2
E2747	escort	4
E2748	escort	1
E2749	escort	1
E275	escort	12
E2750	escort	2
E2752	escort	1
E2754	escort	3
E2755	escort	3
E2757	escort	1
E2758	escort	2
E2759	escort	3
E276	escort	1
E2760	escort	2
E2761	escort	8
E2763	escort	2
E2764	escort	3
E2765	escort	1
E2766	escort	31
E2767	escort	3
E2768	escort	6
E2769	escort	1
E2770	escort	1
E2771	escort	2
E2772	escort	3
E2773	escort	5
E2774	escort	5
E2775	escort	1
E2776	escort	5
E2778	escort	1
E2779	escort	1
E2780	escort	9
E2781	escort	3
E2783	escort	3
E2784	escort	1
E2785	escort	1
E2786	escort	1
E2787	escort	1
E2788	escort	3
E2789	escort	65
E279	escort	6
E2790	escort	2
E2791	escort	1
E2792	escort	3
E2794	escort	3
E2795	escort	3
E2796	escort	1
E2797	escort	2
E2798	escort	3
E2799	escort	37
E280	escort	5
E2800	escort	2
E2801	escort	2
E2803	escort	4
E2804	escort	4
E2805	escort	11
E2806	escort	1
E2807	escort	4
E2808	escort	1
E2809	escort	1
E2810	escort	4
E2811	escort	1
E2812	escort	1
E2813	escort	1
E2814	escort	5
E2816	escort	11
E2817	escort	1
E2818	escort	29
E2819	escort	2
E282	escort	2
E2820	escort	2
E2821	escort	2
E2822	escort	2
E2823	escort	3
E2825	escort	3
E2827	escort	3
E2828	escort	1
E2829	escort	1
E283	escort	39
E2830	escort	3
E2833	escort	2
E2834	escort	4
E2835	escort	4
E2836	escort	2
E2837	escort	2
E2838	escort	1
E2839	escort	9
E2840	escort	57
E2841	escort	6
E2843	escort	1
E2846	escort	4
E2847	escort	1
E2848	escort	2
E2849	escort	2
E285	escort	5
E2850	escort	1
E2851	escort	1
E2854	escort	2
E2855	escort	1
E2856	escort	9
E2858	escort	7
E2859	escort	1
E2860	escort	15
E2862	escort	10
E2863	escort	2
E2864	escort	2
E2865	escort	2
E2867	escort	3
E2868	escort	1
E2869	escort	2
E2870	escort	1
E2872	escort	15
E2873	escort	4
E2874	escort	1
E2875	escort	17
E2876	escort	11
E2877	escort	1
E2879	escort	5
E288	escort	2
E2881	escort	1
E2882	escort	3
E2883	escort	6
E2884	escort	3
E2885	escort	3
E2886	escort	3
E2887	escort	1
E2888	escort	14
E2889	escort	9
E2890	escort	2
E2891	escort	2
E2892	escort	1
E2893	escort	2
E2894	escort	1
E2895	escort	8
E2896	escort	1
E2897	escort	1
E2898	escort	4
E2899	escort	2
E29	escort	30
E2900	escort	3
E2901	escort	3
E2902	escort	12
E2903	escort	2
E2904	escort	5
E2905	escort	2
E2906	escort	3
E2907	escort	1
E2908	escort	2
E291	escort	10
E2910	escort	1
E2911	escort	3
E2912	escort	3
E2914	escort	2
E2915	escort	1
E2916	escort	1
E2917	escort	1
E2919	escort	1
E292	escort	27
E2920	escort	2
E2921	escort	2
E2923	escort	1
E2924	escort	4
E2925	escort	6
E2926	escort	3
E2927	escort	3
E2928	escort	8
E2929	escort	1
E2930	escort	1
E2932	escort	3
E2933	escort	2
E2934	escort	3
E2935	escort	17
E2936	escort	5
E2937	escort	3
E2938	escort	8
E2939	escort	1
E2940	escort	3
E2941	escort	2
E2942	escort	8
E2943	escort	1
E2944	escort	1
E2945	escort	1
E2946	escort	33
E2947	escort	2
E2948	escort	1
E2949	escort	3
E295	escort	4
E2950	escort	2
E2951	escort	11
E2952	escort	1
E2953	escort	4
E2954	escort	3
E2955	escort	1
E2956	escort	1
E2958	escort	2
E2959	escort	21
E2960	escort	4
E2961	escort	1
E2962	escort	18
E2963	escort	7
E2964	escort	4
E2965	escort	6
E2967	escort	4
E2969	escort	12
E2970	escort	5
E2971	escort	1
E2972	escort	20
E2973	escort	2
E2974	escort	2
E2975	escort	2
E2976	escort	1
E2977	escort	1
E2978	escort	1
E2980	escort	4
E2982	escort	1
E2983	escort	5
E2984	escort	2
E2985	escort	4
E2986	escort	2
E2987	escort	5
E2988	escort	2
E2989	escort	2
E2990	escort	1
E2991	escort	2
E2992	escort	1
E2993	escort	13
E2994	escort	2
E2996	escort	15
E2997	escort	3
E2998	escort	3
E2999	escort	6
E3000	escort	2
E3001	escort	2
E3002	escort	1
E3003	escort	1
E3004	escort	13
E3005	escort	4
E3006	escort	1
E3007	escort	7
E3008	escort	1
E3009	escort	11
E3010	escort	7
E3011	escort	3
E3012	escort	5
E3013	escort	1
E3014	escort	3
E3015	escort	1
E3016	escort	9
E3017	escort	1
E3018	escort	2
E3019	escort	1
E302	escort	4
E3020	escort	14
E3021	escort	1
E3023	escort	1
E3024	escort	1
E3025	escort	1
E3026	escort	1
E3027	escort	5
E3028	escort	7
E3029	escort	1
E3030	escort	3
E3032	escort	1
E3033	escort	1
E3034	escort	2
E3036	escort	4
E3037	escort	1
E3038	escort	3
E3039	escort	14
E304	escort	6
E3040	escort	7
E3041	escort	17
E3042	escort	2
E3043	escort	4
E3044	escort	1
E3045	escort	2
E3046	escort	2
E3047	escort	2
E3048	escort	1
E3049	escort	2
E3050	escort	1
E3051	escort	1
E3052	escort	1
E3053	escort	1
E3054	escort	3
E3055	escort	4
E3056	escort	8
E3057	escort	1
E3058	escort	1
E3059	escort	1
E3060	escort	3
E3061	escort	3
E3062	escort	1
E3063	escort	1
E3064	escort	7
E3065	escort	4
E3066	escort	1
E3068	escort	2
E3069	escort	1
E3070	escort	5
E3071	escort	1
E3072	escort	3
E3073	escort	2
E3074	escort	1
E3075	escort	2
E3079	escort	2
E308	escort	1
E3080	escort	2
E3081	escort	1
E3082	escort	2
E3083	escort	1
E3084	escort	2
E3085	escort	1
E3086	escort	1
E3087	escort	1
E3088	escort	1
E3089	escort	2
E3090	escort	1
E3091	escort	1
E3092	escort	10
E3093	escort	3
E3095	escort	1
E3096	escort	35
E3097	escort	4
E3098	escort	1
E3099	escort	2
E31	escort	8
E3100	escort	7
E3101	escort	2
E3102	escort	4
E3103	escort	3
E3104	escort	1
E3105	escort	1
E3107	escort	2
E3108	escort	1
E3109	escort	2
E3110	escort	1
E3111	escort	6
E3112	escort	1
E3113	escort	1
E3114	escort	1
E3115	escort	12
E3117	escort	3
E3118	escort	5
E3119	escort	6
E312	escort	1
E3120	escort	1
E3121	escort	3
E3122	escort	1
E3125	escort	2
E3126	escort	10
E3127	escort	10
E3128	escort	1
E3129	escort	7
E3130	escort	1
E3131	escort	1
E3132	escort	1
E3133	escort	2
E3134	escort	3
E3135	escort	2
E3136	escort	3
E3137	escort	2
E3139	escort	1
E3140	escort	1
E3141	escort	2
E3142	escort	1
E3143	escort	4
E3145	escort	1
E3146	escort	1
E3147	escort	1
E3148	escort	2
E3149	escort	3
E3150	escort	1
E3151	escort	2
E3152	escort	2
E3153	escort	1
E3154	escort	1
E3155	escort	1
E3156	escort	1
E3157	escort	1
E3158	escort	1
E3159	escort	1
E3160	escort	4
E3161	escort	2
E3162	escort	1
E3163	escort	3
E3165	escort	3
E3167	escort	2
E3168	escort	3
E3169	escort	1
E3170	escort	1
E3173	escort	1
E3174	escort	1
E3175	escort	2
E3177	escort	6
E3178	escort	2
E3179	escort	2
E3180	escort	2
E3181	escort	3
E3182	escort	3
E3183	escort	2
E3184	escort	10
E3185	escort	1
E3186	escort	16
E3187	escort	3
E3188	escort	12
E3189	escort	1
E3190	escort	1
E3191	escort	3
E3192	escort	3
E3193	escort	1
E3194	escort	1
E3195	escort	4
E3196	escort	1
E3197	escort	3
E3198	escort	2
E3199	escort	1
E32	escort	4
E3200	escort	1
E3201	escort	1
E3202	escort	2
E3203	escort	9
E3205	escort	2
E3206	escort	3
E3207	escort	2
E3208	escort	1
E3209	escort	2
E321	escort	4
E3210	escort	1
E3211	escort	7
E3212	escort	3
E3213	escort	6
E3214	escort	3
E3215	escort	1
E3217	escort	1
E3218	escort	1
E3219	escort	2
E3221	escort	3
E3222	escort	20
E3223	escort	2
E3224	escort	14
E3225	escort	10
E3226	escort	2
E3227	escort	1
E3228	escort	1
E3229	escort	2
E3230	escort	3
E3231	escort	1
E3232	escort	1
E3233	escort	1
E3234	escort	1
E3235	escort	1
E3236	escort	7
E3237	escort	4
E3238	escort	1
E3239	escort	1
E324	escort	4
E3240	escort	21
E3241	escort	1
E3242	escort	1
E3244	escort	5
E3245	escort	3
E3246	escort	2
E3247	escort	2
E3249	escort	1
E325	escort	2
E3250	escort	1
E3251	escort	6
E3252	escort	9
E3254	escort	2
E3255	escort	4
E3256	escort	2
E3257	escort	1
E3258	escort	3
E3259	escort	3
E3260	escort	2
E3261	escort	2
E3262	escort	3
E3263	escort	4
E3264	escort	8
E3266	escort	3
E3267	escort	3
E3268	escort	1
E3269	escort	4
E3270	escort	5
E3271	escort	22
E3272	escort	1
E3273	escort	1
E3274	escort	2
E3275	escort	3
E3276	escort	1
E3277	escort	6
E3278	escort	15
E3279	escort	2
E3280	escort	3
E3281	escort	2
E3282	escort	4
E3283	escort	5
E3284	escort	1
E3285	escort	5
E3286	escort	2
E3287	escort	2
E3288	escort	1
E3289	escort	4
E3290	escort	7
E3291	escort	2
E3292	escort	3
E3294	escort	3
E3295	escort	3
E3296	escort	10
E3297	escort	2
E3298	escort	1
E3299	escort	1
E3300	escort	5
E3301	escort	21
E3304	escort	3
E3306	escort	1
E3307	escort	2
E3308	escort	2
E3309	escort	1
E331	escort	16
E3310	escort	1
E3311	escort	1
E3312	escort	6
E3313	escort	3
E3314	escort	8
E3315	escort	2
E3316	escort	1
E3317	escort	2
E3319	escort	1
E332	escort	6
E3320	escort	2
E3321	escort	3
E3322	escort	1
E3323	escort	1
E3324	escort	3
E3325	escort	1
E3326	escort	2
E3327	escort	2
E3328	escort	1
E3329	escort	1
E333	escort	1
E3330	escort	2
E3332	escort	3
E3333	escort	1
E3334	escort	1
E3335	escort	1
E3336	escort	10
E3337	escort	2
E3338	escort	15
E3339	escort	1
E334	escort	12
E3340	escort	1
E3341	escort	3
E3342	escort	3
E3343	escort	3
E3344	escort	2
E3347	escort	1
E3348	escort	3
E3349	escort	1
E3350	escort	7
E3351	escort	1
E3352	escort	3
E3353	escort	7
E3354	escort	2
E3355	escort	13
E3356	escort	5
E3357	escort	1
E3358	escort	5
E3359	escort	1
E3360	escort	3
E3361	escort	1
E3362	escort	1
E3363	escort	1
E3364	escort	3
E3365	escort	2
E3366	escort	1
E3367	escort	6
E3368	escort	1
E3369	escort	3
E3370	escort	4
E3371	escort	2
E3372	escort	2
E3373	escort	4
E3374	escort	1
E3375	escort	1
E3376	escort	8
E3377	escort	3
E3378	escort	4
E3380	escort	11
E3381	escort	4
E3382	escort	1
E3383	escort	4
E3384	escort	3
E3385	escort	1
E3386	escort	1
E3387	escort	4
E3388	escort	2
E3391	escort	5
E3392	escort	5
E3393	escort	1
E3395	escort	2
E3396	escort	1
E3397	escort	1
E3398	escort	4
E3399	escort	1
E34	escort	18
E340	escort	2
E3400	escort	2
E3401	escort	1
E3402	escort	2
E3403	escort	5
E3404	escort	2
E3405	escort	1
E3406	escort	2
E3407	escort	2
E3408	escort	1
E3409	escort	6
E341	escort	1
E3410	escort	1
E3411	escort	4
E3412	escort	1
E3413	escort	3
E3414	escort	1
E3415	escort	1
E3416	escort	1
E3417	escort	2
E3418	escort	1
E3420	escort	3
E3421	escort	3
E3422	escort	1
E3423	escort	1
E3424	escort	7
E3425	escort	1
E3426	escort	2
E3427	escort	4
E3428	escort	3
E3429	escort	1
E3430	escort	1
E3431	escort	1
E3432	escort	1
E3433	escort	12
E3434	escort	2
E3435	escort	8
E3436	escort	2
E3438	escort	4
E3439	escort	1
E344	escort	1
E3440	escort	5
E3441	escort	1
E3442	escort	4
E3443	escort	2
E3444	escort	3
E3446	escort	4
E3448	escort	2
E3449	escort	1
E345	escort	4
E3450	escort	2
E3451	escort	2
E3452	escort	8
E3453	escort	2
E3454	escort	3
E3455	escort	8
E3456	escort	3
E3457	escort	2
E3458	escort	2
E3459	escort	1
E3460	escort	8
E3461	escort	3
E3462	escort	1
E3463	escort	2
E3465	escort	1
E3466	escort	1
E3467	escort	1
E347	escort	1
E3470	escort	5
E3471	escort	2
E3472	escort	1
E3473	escort	1
E3474	escort	1
E3475	escort	7
E3476	escort	1
E3478	escort	1
E3479	escort	1
E3480	escort	1
E3481	escort	3
E3482	escort	3
E3483	escort	2
E3485	escort	2
E3486	escort	1
E3488	escort	2
E3490	escort	3
E3491	escort	2
E3492	escort	1
E3493	escort	9
E3495	escort	1
E3496	escort	2
E3497	escort	3
E3498	escort	1
E3499	escort	2
E35	escort	17
E3500	escort	2
E3501	escort	1
E3502	escort	1
E3503	escort	1
E3504	escort	2
E3505	escort	5
E3506	escort	1
E3507	escort	5
E3509	escort	2
E3510	escort	1
E3511	escort	4
E3512	escort	2
E3513	escort	3
E3514	escort	2
E3516	escort	1
E3517	escort	1
E3518	escort	1
E3519	escort	4
E3520	escort	2
E3521	escort	4
E3522	escort	7
E3523	escort	1
E3524	escort	2
E3525	escort	3
E3526	escort	6
E3527	escort	1
E3528	escort	2
E3529	escort	1
E3530	escort	9
E3531	escort	1
E3532	escort	3
E3533	escort	3
E3534	escort	1
E3535	escort	5
E3536	escort	1
E3537	escort	1
E3538	escort	5
E3539	escort	3
E3540	escort	3
E3541	escort	2
E3542	escort	1
E3543	escort	3
E3544	escort	1
E3545	escort	1
E3546	escort	2
E3547	escort	1
E3548	escort	2
E3549	escort	1
E3550	escort	8
E3551	escort	1
E3553	escort	2
E3554	escort	1
E3555	escort	1
E3556	escort	1
E3557	escort	1
E3558	escort	8
E3559	escort	4
E356	escort	28
E3560	escort	3
E3561	escort	1
E3562	escort	2
E3563	escort	1
E3564	escort	3
E3565	escort	2
E3566	escort	3
E3567	escort	1
E3568	escort	1
E3569	escort	5
E3570	escort	2
E3571	escort	4
E3572	escort	3
E3573	escort	4
E3575	escort	6
E3576	escort	3
E3577	escort	2
E3578	escort	1
E3579	escort	6
E358	escort	1
E3580	escort	1
E3581	escort	2
E3582	escort	3
E3583	escort	1
E3584	escort	2
E3585	escort	4
E3586	escort	2
E3587	escort	5
E3588	escort	2
E3589	escort	1
E3590	escort	1
E3591	escort	1
E3592	escort	1
E3593	escort	2
E3594	escort	2
E3595	escort	1
E3596	escort	3
E3597	escort	4
E3598	escort	2
E3599	escort	3
E3600	escort	1
E3601	escort	1
E3602	escort	4
E3603	escort	1
E3604	escort	1
E3605	escort	3
E3606	escort	1
E3607	escort	4
E3608	escort	2
E3609	escort	2
E3611	escort	2
E3612	escort	1
E3613	escort	3
E3614	escort	1
E3615	escort	2
E3616	escort	2
E3617	escort	1
E3618	escort	8
E3619	escort	2
E362	escort	24
E3620	escort	1
E3622	escort	1
E3624	escort	4
E3626	escort	2
E3627	escort	5
E3628	escort	1
E3629	escort	2
E3630	escort	1
E3631	escort	1
E3632	escort	2
E3633	escort	4
E3634	escort	1
E3635	escort	2
E3636	escort	1
E3637	escort	1
E3638	escort	1
E3639	escort	3
E3640	escort	2
E3641	escort	2
E3642	escort	2
E3643	escort	4
E3644	escort	1
E3645	escort	2
E3646	escort	2
E3647	escort	1
E3648	escort	1
E3650	escort	2
E3651	escort	2
E3652	escort	1
E3653	escort	1
E3654	escort	2
E3655	escort	1
E3656	escort	4
E3657	escort	1
E3658	escort	2
E3659	escort	1
E3660	escort	2
E3662	escort	1
E3663	escort	1
E3664	escort	2
E3665	escort	1
E3667	escort	1
E3668	escort	1
E3669	escort	1
E3670	escort	1
E3671	escort	2
E3672	escort	1
E3673	escort	1
E3674	escort	2
E3675	escort	1
E3676	escort	6
E3677	escort	1
E3678	escort	2
E3679	escort	2
E3680	escort	2
E3681	escort	1
E3682	escort	1
E3683	escort	3
E3684	escort	2
E3685	escort	3
E3686	escort	1
E3687	escort	1
E3688	escort	1
E3689	escort	1
E3690	escort	8
E3691	escort	1
E3692	escort	3
E3693	escort	2
E3694	escort	1
E3695	escort	2
E3696	escort	1
E3697	escort	1
E3698	escort	1
E37	escort	6
E3700	escort	3
E3702	escort	3
E3703	escort	4
E3704	escort	1
E3705	escort	2
E3706	escort	1
E3707	escort	1
E3708	escort	1
E3709	escort	2
E3710	escort	3
E3711	escort	1
E3712	escort	1
E3713	escort	1
E3715	escort	3
E3716	escort	2
E3717	escort	4
E3718	escort	1
E3719	escort	4
E372	escort	1
E3720	escort	9
E3721	escort	3
E3722	escort	1
E3723	escort	3
E3724	escort	1
E3725	escort	5
E3726	escort	1
E3727	escort	1
E3728	escort	2
E3729	escort	2
E373	escort	1
E3731	escort	2
E3733	escort	1
E3734	escort	1
E3735	escort	1
E3736	escort	2
E3737	escort	1
E374	escort	4
E3740	escort	1
E3742	escort	2
E3743	escort	2
E3744	escort	1
E3745	escort	2
E3747	escort	1
E3748	escort	5
E3749	escort	1
E375	escort	1
E3750	escort	1
E3751	escort	1
E3752	escort	3
E3753	escort	1
E3754	escort	1
E3755	escort	1
E3757	escort	1
E3758	escort	1
E3759	escort	1
E3760	escort	3
E3761	escort	2
E3762	escort	1
E3763	escort	1
E3764	escort	2
E3766	escort	1
E3767	escort	5
E3769	escort	1
E3770	escort	1
E3771	escort	1
E3772	escort	1
E3773	escort	2
E3774	escort	1
E3775	escort	2
E3776	escort	3
E3777	escort	1
E3778	escort	1
E3779	escort	2
E3780	escort	2
E3781	escort	5
E3782	escort	1
E3783	escort	1
E3784	escort	1
E3785	escort	1
E3786	escort	1
E3787	escort	1
E3788	escort	2
E3789	escort	1
E3790	escort	1
E3791	escort	1
E3792	escort	2
E3793	escort	4
E3794	escort	3
E3795	escort	2
E3796	escort	3
E3797	escort	2
E3798	escort	1
E3799	escort	1
E3800	escort	1
E3801	escort	1
E3802	escort	1
E3803	escort	1
E3804	escort	1
E3805	escort	1
E3807	escort	1
E3808	escort	2
E3809	escort	1
E3810	escort	2
E3811	escort	1
E3812	escort	2
E3813	escort	2
E3814	escort	1
E3815	escort	1
E3816	escort	2
E3817	escort	2
E3818	escort	1
E3819	escort	1
E3820	escort	3
E3821	escort	1
E3822	escort	1
E3823	escort	1
E3824	escort	1
E3825	escort	2
E3827	escort	1
E3828	escort	1
E3829	escort	1
E3830	escort	1
E3831	escort	1
E3832	escort	1
E3833	escort	2
E3834	escort	1
E3835	escort	1
E3836	escort	1
E3837	escort	1
E3838	escort	1
E3839	escort	2
E385	escort	10
E386	escort	1
E395	escort	1
E396	escort	4
E398	escort	1
E404	escort	5
E41	escort	78
E415	escort	1
E416	escort	4
E417	escort	1
E419	escort	1
E42	escort	2
E424	escort	10
E425	escort	2
E429	escort	14
E432	escort	4
E433	escort	23
E437	escort	7
E44	escort	4
E443	escort	2
E444	escort	1
E446	escort	10
E447	escort	7
E45	escort	2
E451	escort	2
E458	escort	3
E46	escort	3
E461	escort	10
E462	escort	8
E463	escort	9
E464	escort	5
E466	escort	6
E471	escort	12
E481	escort	1
E483	escort	4
E495	escort	4
E497	escort	2
E503	escort	43
E505	escort	1
E507	escort	3
E508	escort	2
E511	escort	2
E512	escort	3
E521	escort	14
E523	escort	6
E527	escort	1
E53	escort	5
E540	escort	4
E543	escort	2
E545	escort	6
E546	escort	5
E547	escort	2
E55	escort	4
E573	escort	9
E577	escort	34
E579	escort	24
E58	escort	3
E581	escort	1
E587	escort	3
E589	escort	8
E599	escort	1
E6	escort	37
E606	escort	5
E607	escort	4
E608	escort	1
E61	escort	2
E613	escort	2
E615	escort	3
E619	escort	9
E62	escort	1
E622	escort	1
E624	escort	50
E626	escort	4
E630	escort	16
E631	escort	26
E632	escort	1
E633	escort	3
E637	escort	45
E64	escort	1
E642	escort	2
E65	escort	9
E650	escort	29
E652	escort	2
E66	escort	5
E660	escort	2
E666	escort	4
E668	escort	1
E67	escort	1
E671	escort	1
E678	escort	8
E686	escort	1
E69	escort	6
E690	escort	1
E692	escort	6
E693	escort	8
E7	escort	11
E705	escort	3
E709	escort	2
E71	escort	11
E710	escort	9
E711	escort	4
E714	escort	7
E717	escort	2
E719	escort	2
E72	escort	6
E721	escort	2
E722	escort	11
E725	escort	7
E726	escort	14
E728	escort	1
E729	escort	6
E738	escort	2
E740	escort	1
E741	escort	2
E744	escort	1
E748	escort	5
E75	escort	1
E755	escort	1
E758	escort	4
E759	escort	1
E76	escort	10
E766	escort	7
E775	escort	1
E778	escort	9
E780	escort	2
E781	escort	24
E782	escort	32
E792	escort	19
E796	escort	2
E803	escort	7
E807	escort	2
E810	escort	1
E817	escort	1
E822	escort	9
E827	escort	5
E829	escort	27
E831	escort	4
E832	escort	4
E833	escort	5
E846	escort	1
E847	escort	6
E855	escort	3
E860	escort	1
E87	escort	6
E872	escort	1
E876	escort	4
E879	escort	2
E88	escort	2
E882	escort	34
E883	escort	4
E884	escort	3
E888	escort	20
E89	escort	4
E892	escort	4
E9	escort	1
E905	escort	1
E906	escort	7
E909	escort	2
E910	escort	3
E913	escort	3
E920	escort	3
E931	escort	7
E936	escort	2
E939	escort	4
E94	escort	2
E951	escort	2
E953	escort	5
E954	escort	20
E955	escort	4
E96	escort	1
E965	escort	10
E972	escort	4
E979	escort	19
E980	escort	11
E986	escort	6
E988	escort	4
E992	escort	1
E993	escort	26
E997	escort	11
